ota_hotel_id,master_id,room_name,rg_hash,count_rg_hash,allotment,bedding_type,beds,bedding_data,multi_bed_data,capacity,price_rub_min,price_rub_max,url
ozerny_tulun_sports_complex_na_karbysheva_185_apartment,13430623,Двухместный номер Standard с балконом (двуспальная кровать),3202302001,2,2,двуспальная кровать,"[""двуспальная кровать""]","[""double""]","[{""bed"": ""double"", ""count"": 1}]",2,3560.00,3600.00,https://ostrovok.ru/hotel/russia/western_siberia_irkutsk_oblast_multi/mid13430623/ozerny_tulun_sports_complex_na_karbysheva_185_apartment
taiga_2,6923154,Двухместный номер Standard с видом на город (двуспальная кровать),32023020005,4,5,двуспальная кровать,"[""двуспальная кровать""]","[""double""]","[{""bed"": ""double"", ""count"": 1}]",2,5531.00,8478.00,https://ostrovok.ru/hotel/russia/western_siberia_irkutsk_oblast_multi/mid6923154/taiga_2
taiga_2,6923154,Номер Superior с видом на город,35020000005,4,1,,,"[""nobedding""]",,1,6660.00,9727.00,https://ostrovok.ru/hotel/russia/western_siberia_irkutsk_oblast_multi/mid6923154/taiga_2
taiga_2,6923154,Люкс с красивым видом из окна,5002000000U,4,4,,,"[""nobedding""]",,1,10611.00,14099.00,https://ostrovok.ru/hotel/russia/western_siberia_irkutsk_oblast_multi/mid6923154/taiga_2
taiga_2,6923154,Апартаменты с красивым видом из окна (джакузи),6002000000U,2,1,,,"[""nobedding""]",,1,16029.00,16967.00,https://ostrovok.ru/hotel/russia/western_siberia_irkutsk_oblast_multi/mid6923154/taiga_2
hotel_nikola_2,8748287,Двухместный номер Standard с видом на город (двуспальная кровать),32023020005,2,2,двуспальная кровать,"[""двуспальная кровать""]","[""double""]","[{""bed"": ""double"", ""count"": 1}]",2,5453.00,5500.00,https://ostrovok.ru/hotel/russia/western_siberia_irkutsk_oblast_multi/mid8748287/hotel_nikola_2
hotel_nikola_2,8748287,Двухместный номер Superior (двуспальная кровать),3502302,2,9,двуспальная кровать,"[""двуспальная кровать""]","[""double""]","[{""bed"": ""double"", ""count"": 1}]",2,5949.00,6000.00,https://ostrovok.ru/hotel/russia/western_siberia_irkutsk_oblast_multi/mid8748287/hotel_nikola_2
hotel_nikola_2,8748287,Двухместный полулюкс с красивым видом из окна (двуспальная кровать),4002302000U,2,1,двуспальная кровать,"[""двуспальная кровать""]","[""double""]","[{""bed"": ""double"", ""count"": 1}]",2,8328.00,8400.00,https://ostrovok.ru/hotel/russia/western_siberia_irkutsk_oblast_multi/mid8748287/hotel_nikola_2
hotel_nikola_2,8748287,Двухместный люкс с балконом и с красивым видом из окна (двуспальная кровать) (диван),5002302001U,2,1,двуспальная кровать,"[""двуспальная кровать""]","[""double""]","[{""bed"": ""double"", ""count"": 1}]",2,9419.00,9500.00,https://ostrovok.ru/hotel/russia/western_siberia_irkutsk_oblast_multi/mid8748287/hotel_nikola_2
hotel_nikola_2,8748287,Двухместный полулюкс Premium с видом на озеро (2 отдельные кровати),4A02402000D,2,2,2 отдельные кровати,"[""2 отдельные кровати""]","[""twin""]","[{""bed"": ""single"", ""count"": 2}]",2,11898.00,12000.00,https://ostrovok.ru/hotel/russia/western_siberia_irkutsk_oblast_multi/mid8748287/hotel_nikola_2
na_ulitse_pavlova_28_apartments,13434486,Апартаменты c 1 комнатой,600200001,2,1,,,"[""nobedding""]",,1,3501.00,3540.00,https://ostrovok.ru/hotel/russia/western_siberia_irkutsk_oblast_multi/mid13434486/na_ulitse_pavlova_28_apartments
yakovlev_hotel,8742012,Двухместный номер Standard (2 отдельные кровати),3202402,6,2,2 отдельные кровати,"[""2 отдельные кровати""]","[""twin""]","[{""bed"": ""single"", ""count"": 2}]",2,4327.00,6701.00,https://ostrovok.ru/hotel/russia/western_siberia_irkutsk_oblast_multi/mid8742012/yakovlev_hotel
yakovlev_hotel,8742012,Двухместный номер Standard (двуспальная кровать),3202302,6,2,двуспальная кровать,"[""двуспальная кровать""]","[""double""]","[{""bed"": ""double"", ""count"": 1}]",2,4327.00,6701.00,https://ostrovok.ru/hotel/russia/western_siberia_irkutsk_oblast_multi/mid8742012/yakovlev_hotel
yakovlev_hotel,8742012,Трёхместные апартаменты,6002003,5,1,,,"[""nobedding""]",,3,6584.00,8750.00,https://ostrovok.ru/hotel/russia/western_siberia_irkutsk_oblast_multi/mid8742012/yakovlev_hotel
vozdushnaya_gavan,8059310,Двухместный номер Standard (2 отдельные кровати),3202402,2,19,2 отдельные кровати,"[""2 отдельные кровати""]","[""twin""]","[{""bed"": ""single"", ""count"": 2}]",2,5341.00,5400.00,https://ostrovok.ru/hotel/russia/western_siberia_irkutsk_oblast_multi/mid8059310/vozdushnaya_gavan
vozdushnaya_gavan,8059310,Двухместный люкс с видом на город (двуспальная кровать),50023020005,2,3,двуспальная кровать,"[""двуспальная кровать""]","[""double""]","[{""bed"": ""double"", ""count"": 1}]",2,9001.00,9100.00,https://ostrovok.ru/hotel/russia/western_siberia_irkutsk_oblast_multi/mid8059310/vozdushnaya_gavan
metelitsa_6,9211770,Двухместный номер Standard с красивым видом из окна (двуспальная кровать),3202302000U,1,2,двуспальная кровать,"[""двуспальная кровать""]","[""double""]","[{""bed"": ""double"", ""count"": 1}]",2,2374.00,2374.00,https://ostrovok.ru/hotel/russia/western_siberia_irkutsk_oblast_multi/mid9211770/metelitsa_6
metelitsa_6,9211770,Двухместный полулюкс с красивым видом из окна (двуспальная кровать),4002302000U,1,1,двуспальная кровать,"[""двуспальная кровать""]","[""double""]","[{""bed"": ""double"", ""count"": 1}]",2,3364.00,3364.00,https://ostrovok.ru/hotel/russia/western_siberia_irkutsk_oblast_multi/mid9211770/metelitsa_6
metelitsa_6,9211770,Люкс с красивым видом из окна,5002000000U,1,1,,,"[""nobedding""]",,1,4353.00,4353.00,https://ostrovok.ru/hotel/russia/western_siberia_irkutsk_oblast_multi/mid9211770/metelitsa_6
praskovya_guest_house,9999816,Двухместный номер Economy (общая ванная комната) (2 отдельные кровати) (без окна),3101402,6,1,2 отдельные кровати,"[""2 отдельные кровати""]","[""twin""]","[{""bed"": ""single"", ""count"": 2}]",2,1781.00,2828.00,https://ostrovok.ru/hotel/russia/western_siberia_irkutsk_oblast_multi/mid9999816/praskovya_guest_house
praskovya_guest_house,9999816,"Кровать в общем номере (общая ванная комната) (без окна, 2 кровати)",1001,4,3,,,"[""nobedding""]",,1,2374.00,5582.00,https://ostrovok.ru/hotel/russia/western_siberia_irkutsk_oblast_multi/mid9999816/praskovya_guest_house
praskovya_guest_house,9999816,Одноместный номер Standard,3202001,4,5,,,"[""nobedding""]",,1,3265.00,3782.00,https://ostrovok.ru/hotel/russia/western_siberia_irkutsk_oblast_multi/mid9999816/praskovya_guest_house
praskovya_guest_house,9999816,Двухместный люкс (двуспальная кровать),5002302,2,1,двуспальная кровать,"[""двуспальная кровать""]","[""double""]","[{""bed"": ""double"", ""count"": 1}]",2,4947.00,5000.00,https://ostrovok.ru/hotel/russia/western_siberia_irkutsk_oblast_multi/mid9999816/praskovya_guest_house
hotel_pushkin_2,6932873,Двухместный номер Стандарт Улучшенный (двуспальная кровать),3502302,4,0,двуспальная кровать,"[""двуспальная кровать""]","[""double""]","[{""bed"": ""double"", ""count"": 1}]",2,8939.00,11100.00,https://ostrovok.ru/hotel/russia/western_siberia_irkutsk_oblast_multi/mid6932873/hotel_pushkin_2
hotel_pushkin_2,6932873,Двухместный номер Стандарт Улучшенный (2 отдельные кровати),3502402,1,0,2 отдельные кровати,"[""2 отдельные кровати""]","[""twin""]","[{""bed"": ""single"", ""count"": 2}]",2,8939.00,8939.00,https://ostrovok.ru/hotel/russia/western_siberia_irkutsk_oblast_multi/mid6932873/hotel_pushkin_2
hotel_pushkin_2,6932873,Двухместная Номер Студио (двуспальная кровать) (кровать queen size),7002302,4,6,двуспальная кровать,"[""двуспальная кровать""]","[""double""]","[{""bed"": ""double"", ""count"": 1}]",2,11375.00,13300.00,https://ostrovok.ru/hotel/russia/western_siberia_irkutsk_oblast_multi/mid6932873/hotel_pushkin_2
hotel_pushkin_2,6932873,Двухместный номер Делюкс (двуспальная кровать),3602302,5,0,двуспальная кровать,"[""двуспальная кровать""]","[""double""]","[{""bed"": ""double"", ""count"": 1}]",2,12485.00,14800.00,https://ostrovok.ru/hotel/russia/western_siberia_irkutsk_oblast_multi/mid6932873/hotel_pushkin_2
hotel_pushkin_2,6932873,Двухместный номер Делюкс Премиум (двуспальная кровать) (кровать queen size),3A02302,4,2,двуспальная кровать,"[""двуспальная кровать""]","[""double""]","[{""bed"": ""double"", ""count"": 1}]",2,15826.00,17800.00,https://ostrovok.ru/hotel/russia/western_siberia_irkutsk_oblast_multi/mid6932873/hotel_pushkin_2
archi_apt_apartments,10211904,Двухместный номер Standard с видом на внутренний двор (двуспальная кровать),32023020006,3,5,двуспальная кровать,"[""двуспальная кровать""]","[""double""]","[{""bed"": ""double"", ""count"": 1}]",2,4273.00,4500.00,https://ostrovok.ru/hotel/russia/western_siberia_irkutsk_oblast_multi/mid10211904/archi_apt_apartments
malinovka_3,9079016,Трёхместный номер Economy с красивым видом из окна (общая ванная комната),3101003000U,1,1,,,"[""nobedding""]",,3,3956.00,3956.00,https://ostrovok.ru/hotel/russia/western_siberia_irkutsk_oblast_multi/mid9079016/malinovka_3
malinovka_3,9079016,Семейный номер Superior с балконом и с видом на озеро,3502010001D,1,1,,,"[""nobedding""]",,3,4945.00,4945.00,https://ostrovok.ru/hotel/russia/western_siberia_irkutsk_oblast_multi/mid9079016/malinovka_3
bajkal_hotel,7965294,Двухместный номер Deluxe (двуспальная кровать) (кровать king size),3602302,2,6,двуспальная кровать,"[""двуспальная кровать""]","[""double""]","[{""bed"": ""double"", ""count"": 1}]",2,8500.00,8500.00,https://ostrovok.ru/hotel/russia/western_siberia_irkutsk_oblast_multi/mid7965294/bajkal_hotel
bajkal_hotel,7965294,Двухместный номер Deluxe с видом на озеро (2 отдельные кровати),3602402000D,2,5,2 отдельные кровати,"[""2 отдельные кровати""]","[""twin""]","[{""bed"": ""single"", ""count"": 2}]",2,10500.00,10500.00,https://ostrovok.ru/hotel/russia/western_siberia_irkutsk_oblast_multi/mid7965294/bajkal_hotel
bajkal_hotel,7965294,Двухместный номер Deluxe с видом на озеро (двуспальная кровать) (кровать king size),3602302000D,2,11,двуспальная кровать,"[""двуспальная кровать""]","[""double""]","[{""bed"": ""double"", ""count"": 1}]",2,10500.00,10500.00,https://ostrovok.ru/hotel/russia/western_siberia_irkutsk_oblast_multi/mid7965294/bajkal_hotel
bajkal_hotel,7965294,Люкс,5002,2,2,,,"[""nobedding""]",,1,25000.00,25000.00,https://ostrovok.ru/hotel/russia/western_siberia_irkutsk_oblast_multi/mid7965294/bajkal_hotel
sportkompleks_ozerny_tulun_hotel,13285605,Люкс с балконом и с красивым видом из окна,5002000001U,2,1,,,"[""nobedding""]",,1,4452.00,4500.00,https://ostrovok.ru/hotel/russia/western_siberia_irkutsk_oblast_multi/mid13285605/sportkompleks_ozerny_tulun_hotel
hotel_flagman_olkhona,10019347,Двухместный номер Standard (двуспальная кровать),3202302,3,3,двуспальная кровать,"[""двуспальная кровать""]","[""double""]","[{""bed"": ""double"", ""count"": 1}]",2,5143.00,6800.00,https://ostrovok.ru/hotel/russia/western_siberia_irkutsk_oblast_multi/mid10019347/hotel_flagman_olkhona
hotel_flagman_olkhona,10019347,Двухместный номер Superior (двуспальная кровать),3502302,3,5,двуспальная кровать,"[""двуспальная кровать""]","[""double""]","[{""bed"": ""double"", ""count"": 1}]",2,6132.00,7800.00,https://ostrovok.ru/hotel/russia/western_siberia_irkutsk_oblast_multi/mid10019347/hotel_flagman_olkhona
hotel_flagman_olkhona,10019347,Трёхместный номер Superior,3502003,3,2,,,"[""nobedding""]",,3,9100.00,10800.00,https://ostrovok.ru/hotel/russia/western_siberia_irkutsk_oblast_multi/mid10019347/hotel_flagman_olkhona
best_eastern_hotel_zvezda,7806155,Двухместный номер Стандартный (двуспальная кровать),3202302,2,14,двуспальная кровать,"[""двуспальная кровать""]","[""double""]","[{""bed"": ""double"", ""count"": 1}]",2,8404.00,8500.00,https://ostrovok.ru/hotel/russia/western_siberia_irkutsk_oblast_multi/mid7806155/best_eastern_hotel_zvezda
best_eastern_hotel_zvezda,7806155,Двухместный номер Классический (двуспальная кровать),3B02302,2,14,двуспальная кровать,"[""двуспальная кровать""]","[""double""]","[{""bed"": ""double"", ""count"": 1}]",2,8404.00,8500.00,https://ostrovok.ru/hotel/russia/western_siberia_irkutsk_oblast_multi/mid7806155/best_eastern_hotel_zvezda
best_eastern_hotel_zvezda,7806155,Двухместный Джуниор Сюит (двуспальная кровать),4002302,2,3,двуспальная кровать,"[""двуспальная кровать""]","[""double""]","[{""bed"": ""double"", ""count"": 1}]",2,14336.00,14500.00,https://ostrovok.ru/hotel/russia/western_siberia_irkutsk_oblast_multi/mid7806155/best_eastern_hotel_zvezda
best_eastern_hotel_zvezda,7806155,Двухместный люкс (двуспальная кровать),5002302,2,1,двуспальная кровать,"[""двуспальная кровать""]","[""double""]","[{""bed"": ""double"", ""count"": 1}]",2,18291.00,18500.00,https://ostrovok.ru/hotel/russia/western_siberia_irkutsk_oblast_multi/mid7806155/best_eastern_hotel_zvezda
best_eastern_hotel_zvezda,7806155,Двухместный люкс Президентский с балконом (двуспальная кровать),5902302001,2,1,двуспальная кровать,"[""двуспальная кровать""]","[""double""]","[{""bed"": ""double"", ""count"": 1}]",2,27387.00,27700.00,https://ostrovok.ru/hotel/russia/western_siberia_irkutsk_oblast_multi/mid7806155/best_eastern_hotel_zvezda
bolshoe_puteshestvie_hotel,9252749,Двухместный номер на 1 этаже Стандарт (2 отдельные кровати),32024021,1,1,2 отдельные кровати,"[""2 отдельные кровати""]","[""twin""]","[{""bed"": ""single"", ""count"": 2}]",2,3958.00,3958.00,https://ostrovok.ru/hotel/russia/western_siberia_irkutsk_oblast_multi/mid9252749/bolshoe_puteshestvie_hotel
bolshoe_puteshestvie_hotel,9252749,Трёхместный номер Стандарт с видом на озеро Байкал,3202003000D,1,5,,,"[""nobedding""]",,3,4452.00,4452.00,https://ostrovok.ru/hotel/russia/western_siberia_irkutsk_oblast_multi/mid9252749/bolshoe_puteshestvie_hotel
bolshoe_puteshestvie_hotel,9252749,Номер на 2 этаже Семейный Улучшенный (терраса),350201,1,2,,,"[""nobedding""]",,3,4947.00,4947.00,https://ostrovok.ru/hotel/russia/western_siberia_irkutsk_oblast_multi/mid9252749/bolshoe_puteshestvie_hotel
bolshoe_puteshestvie_hotel,9252749,Номер Семейный Комфорт,3302,1,1,,,"[""nobedding""]",,3,4983.00,4983.00,https://ostrovok.ru/hotel/russia/western_siberia_irkutsk_oblast_multi/mid9252749/bolshoe_puteshestvie_hotel
bajkal_severnoe_more_hotel,8526970,Двухместный номер Standard с видом на город (двуспальная кровать),32023020005,6,16,двуспальная кровать,"[""двуспальная кровать""]","[""double""]","[{""bed"": ""double"", ""count"": 1}]",2,6025.00,9130.00,https://ostrovok.ru/hotel/russia/western_siberia_irkutsk_oblast_multi/mid8526970/bajkal_severnoe_more_hotel
bajkal_severnoe_more_hotel,8526970,Номер Standard с балконом и с видом на город,32020000015,6,15,,,"[""nobedding""]",,1,6536.00,9680.00,https://ostrovok.ru/hotel/russia/western_siberia_irkutsk_oblast_multi/mid8526970/bajkal_severnoe_more_hotel
bajkal_severnoe_more_hotel,8526970,Двухместный номер Superior с видом на реку (2 отдельные кровати),3502402000N,6,20,2 отдельные кровати,"[""2 отдельные кровати""]","[""twin""]","[{""bed"": ""single"", ""count"": 2}]",2,7047.00,10230.00,https://ostrovok.ru/hotel/russia/western_siberia_irkutsk_oblast_multi/mid8526970/bajkal_severnoe_more_hotel
bajkal_severnoe_more_hotel,8526970,Полулюкс с видом на реку,4002000000N,6,2,,,"[""nobedding""]",,1,7557.00,10780.00,https://ostrovok.ru/hotel/russia/western_siberia_irkutsk_oblast_multi/mid8526970/bajkal_severnoe_more_hotel
bajkal_severnoe_more_hotel,8526970,Семейный люкс с видом на город,50020100005,6,1,,,"[""nobedding""]",,3,11745.00,15290.00,https://ostrovok.ru/hotel/russia/western_siberia_irkutsk_oblast_multi/mid8526970/bajkal_severnoe_more_hotel
bajkal_severnoe_more_hotel,8526970,Люкс Executive с видом на реку,5802000000N,6,4,,,"[""nobedding""]",,1,12766.00,16390.00,https://ostrovok.ru/hotel/russia/western_siberia_irkutsk_oblast_multi/mid8526970/bajkal_severnoe_more_hotel
bajkal_severnoe_more_hotel,8526970,Люкс Presidential с видом на реку,5902000000N,6,5,,,"[""nobedding""]",,1,13788.00,17490.00,https://ostrovok.ru/hotel/russia/western_siberia_irkutsk_oblast_multi/mid8526970/bajkal_severnoe_more_hotel
baikal_forest_hotel,9825031,Двухместный номер Deluxe (двуспальная кровать) (тип кровати может измениться),3602302,10,0,двуспальная кровать,"[""двуспальная кровать""]","[""double""]","[{""bed"": ""double"", ""count"": 1}]",2,6806.00,10302.00,https://ostrovok.ru/hotel/russia/western_siberia_irkutsk_oblast_multi/mid9825031/baikal_forest_hotel
baikal_forest_hotel,9825031,Двухместный номер Grand Deluxe (двуспальная кровать) (тип кровати может измениться),3D02302,8,0,двуспальная кровать,"[""двуспальная кровать""]","[""double""]","[{""bed"": ""double"", ""count"": 1}]",2,8689.00,10700.00,https://ostrovok.ru/hotel/russia/western_siberia_irkutsk_oblast_multi/mid9825031/baikal_forest_hotel
baikal_forest_hotel,9825031,Двухместный полулюкс (двуспальная кровать),4002302,6,7,двуспальная кровать,"[""двуспальная кровать""]","[""double""]","[{""bed"": ""double"", ""count"": 1}]",2,10089.00,11700.00,https://ostrovok.ru/hotel/russia/western_siberia_irkutsk_oblast_multi/mid9825031/baikal_forest_hotel
baikal_forest_hotel,9825031,Двухместный Suite Business (двуспальная кровать),9402302,6,0,двуспальная кровать,"[""двуспальная кровать""]","[""double""]","[{""bed"": ""double"", ""count"": 1}]",2,11515.00,13700.00,https://ostrovok.ru/hotel/russia/western_siberia_irkutsk_oblast_multi/mid9825031/baikal_forest_hotel
baikal_forest_hotel,9825031,Двухместный Luxe (двуспальная кровать),5002302,4,2,двуспальная кровать,"[""двуспальная кровать""]","[""double""]","[{""bed"": ""double"", ""count"": 1}]",2,13056.00,16000.00,https://ostrovok.ru/hotel/russia/western_siberia_irkutsk_oblast_multi/mid9825031/baikal_forest_hotel
matreshka_hotel,6332937,Двухместный номер Standard (двуспальная кровать),3202302,4,4,двуспальная кровать,"[""двуспальная кровать""]","[""double""]","[{""bed"": ""double"", ""count"": 1}]",2,4547.00,5103.00,https://ostrovok.ru/hotel/russia/western_siberia_irkutsk_oblast_multi/mid6332937/matreshka_hotel
matreshka_hotel,6332937,Одноместный номер Standard,3202001,4,9,,,"[""nobedding""]",,1,4547.00,5103.00,https://ostrovok.ru/hotel/russia/western_siberia_irkutsk_oblast_multi/mid6332937/matreshka_hotel
matreshka_hotel,6332937,Одноместный номер Comfort,3302001,4,1,,,"[""nobedding""]",,1,4734.00,5292.00,https://ostrovok.ru/hotel/russia/western_siberia_irkutsk_oblast_multi/mid6332937/matreshka_hotel
matreshka_hotel,6332937,Двухместный номер Comfort (двуспальная кровать),3302302,4,10,двуспальная кровать,"[""двуспальная кровать""]","[""double""]","[{""bed"": ""double"", ""count"": 1}]",2,5170.00,6237.00,https://ostrovok.ru/hotel/russia/western_siberia_irkutsk_oblast_multi/mid6332937/matreshka_hotel
matreshka_hotel,6332937,Двухместный полулюкс (двуспальная кровать),4002302,4,3,двуспальная кровать,"[""двуспальная кровать""]","[""double""]","[{""bed"": ""double"", ""count"": 1}]",2,5606.00,6174.00,https://ostrovok.ru/hotel/russia/western_siberia_irkutsk_oblast_multi/mid6332937/matreshka_hotel
matreshka_hotel,6332937,Двухместный полулюкс Superior (двуспальная кровать),4502302,4,1,двуспальная кровать,"[""двуспальная кровать""]","[""double""]","[{""bed"": ""double"", ""count"": 1}]",2,6229.00,6804.00,https://ostrovok.ru/hotel/russia/western_siberia_irkutsk_oblast_multi/mid6332937/matreshka_hotel
apartamentyi_v_irkutske,9993445,Двухместный номер Standard (общая ванная комната) (двуспальная кровать),3201302,2,1,двуспальная кровать,"[""двуспальная кровать""]","[""double""]","[{""bed"": ""double"", ""count"": 1}]",2,1780.00,1800.00,https://ostrovok.ru/hotel/russia/western_siberia_irkutsk_oblast_multi/mid9993445/apartamentyi_v_irkutske
apartamentyi_v_irkutske,9993445,Двухместный номер Superior (двуспальная кровать),3502302,2,1,двуспальная кровать,"[""двуспальная кровать""]","[""double""]","[{""bed"": ""double"", ""count"": 1}]",2,1978.00,2000.00,https://ostrovok.ru/hotel/russia/western_siberia_irkutsk_oblast_multi/mid9993445/apartamentyi_v_irkutske
rus_hotel_irkutsk,7774831,Одноместный номер Standard (односпальная кровать),3202201,2,6,односпальная кровать,"[""односпальная кровать""]","[""nobedding""]","[{""bed"": ""single"", ""count"": 1}]",1,4550.00,4600.00,https://ostrovok.ru/hotel/russia/western_siberia_irkutsk_oblast_multi/mid7774831/rus_hotel_irkutsk
rus_hotel_irkutsk,7774831,Двухместный номер Standard (двуспальная кровать),3202302,2,7,двуспальная кровать,"[""двуспальная кровать""]","[""double""]","[{""bed"": ""double"", ""count"": 1}]",2,4747.00,4800.00,https://ostrovok.ru/hotel/russia/western_siberia_irkutsk_oblast_multi/mid7774831/rus_hotel_irkutsk
rus_hotel_irkutsk,7774831,Двухместный номер Comfort (двуспальная кровать),3302302,2,2,двуспальная кровать,"[""двуспальная кровать""]","[""double""]","[{""bed"": ""double"", ""count"": 1}]",2,6033.00,6100.00,https://ostrovok.ru/hotel/russia/western_siberia_irkutsk_oblast_multi/mid7774831/rus_hotel_irkutsk
rus_hotel_irkutsk,7774831,Двухместный номер Deluxe с видом на город (двуспальная кровать) (диван),36023020005,2,2,двуспальная кровать,"[""двуспальная кровать""]","[""double""]","[{""bed"": ""double"", ""count"": 1}]",2,7022.00,7100.00,https://ostrovok.ru/hotel/russia/western_siberia_irkutsk_oblast_multi/mid7774831/rus_hotel_irkutsk
olkhon_inn,10005431,Двухместный номер Economy (2 отдельные кровати),3102402,1,15,2 отдельные кровати,"[""2 отдельные кровати""]","[""twin""]","[{""bed"": ""single"", ""count"": 2}]",2,5700.00,5700.00,https://ostrovok.ru/hotel/russia/western_siberia_irkutsk_oblast_multi/mid10005431/olkhon_inn
olkhon_inn,10005431,Двухместный номер Standard (2 отдельные кровати),3202402,2,21,2 отдельные кровати,"[""2 отдельные кровати""]","[""twin""]","[{""bed"": ""single"", ""count"": 2}]",2,6650.00,7000.00,https://ostrovok.ru/hotel/russia/western_siberia_irkutsk_oblast_multi/mid10005431/olkhon_inn
grand_baikal,8481257,Одноместный номер Standard с красивым видом из окна,3202001000U,2,2,,,"[""nobedding""]",,1,4253.00,5341.00,https://ostrovok.ru/hotel/russia/western_siberia_irkutsk_oblast_multi/mid8481257/grand_baikal
grand_baikal,8481257,Двухместный номер Standard с красивым видом из окна (двуспальная кровать),3202302000U,2,5,двуспальная кровать,"[""двуспальная кровать""]","[""double""]","[{""bed"": ""double"", ""count"": 1}]",2,5737.00,6825.00,https://ostrovok.ru/hotel/russia/western_siberia_irkutsk_oblast_multi/mid8481257/grand_baikal
grand_baikal,8481257,Двухместный люкс с 2 комнатами с красивым видом из окна (двуспальная кровать),5002302020U,2,1,двуспальная кровать,"[""двуспальная кровать""]","[""double""]","[{""bed"": ""double"", ""count"": 1}]",2,10188.00,11276.00,https://ostrovok.ru/hotel/russia/western_siberia_irkutsk_oblast_multi/mid8481257/grand_baikal
baikal_view_hotel,7681558,Двухместный номер Standard с видом на озеро (двуспальная кровать),3202302000D,4,26,двуспальная кровать,"[""двуспальная кровать""]","[""double""]","[{""bed"": ""double"", ""count"": 1}]",2,9230.00,14498.00,https://ostrovok.ru/hotel/russia/western_siberia_irkutsk_oblast_multi/mid7681558/baikal_view_hotel
baikal_view_hotel,7681558,Двухместный номер Superior с видом на озеро (двуспальная кровать),3502302000D,2,10,двуспальная кровать,"[""двуспальная кровать""]","[""double""]","[{""bed"": ""double"", ""count"": 1}]",2,10231.00,10340.00,https://ostrovok.ru/hotel/russia/western_siberia_irkutsk_oblast_multi/mid7681558/baikal_view_hotel
baikal_view_hotel,7681558,Двухместный номер Comfort с видом на озеро (двуспальная кровать),3302302000D,2,18,двуспальная кровать,"[""двуспальная кровать""]","[""double""]","[{""bed"": ""double"", ""count"": 1}]",2,11472.00,11594.00,https://ostrovok.ru/hotel/russia/western_siberia_irkutsk_oblast_multi/mid7681558/baikal_view_hotel
baikal_view_hotel,7681558,Двухместный номер Deluxe с видом на озеро (двуспальная кровать) (кровать queen size),3602302000D,2,17,двуспальная кровать,"[""двуспальная кровать""]","[""double""]","[{""bed"": ""double"", ""count"": 1}]",2,12854.00,12991.00,https://ostrovok.ru/hotel/russia/western_siberia_irkutsk_oblast_multi/mid7681558/baikal_view_hotel
baikal_view_hotel,7681558,Четырёхместный номер Premium с видом на озеро,3A02004000D,2,1,,,"[""nobedding""]",,4,24904.00,25168.00,https://ostrovok.ru/hotel/russia/western_siberia_irkutsk_oblast_multi/mid7681558/baikal_view_hotel
gostevoy_dom_sunrise,10485526,Двухместный номер Standard (2 отдельные кровати),3202402,2,1,2 отдельные кровати,"[""2 отдельные кровати""]","[""twin""]","[{""bed"": ""single"", ""count"": 2}]",2,7421.00,7500.00,https://ostrovok.ru/hotel/russia/western_siberia_irkutsk_oblast_multi/mid10485526/gostevoy_dom_sunrise
gostevoy_dom_sunrise,10485526,Семейный номер Classic,3B0201,2,1,,,"[""nobedding""]",,3,10389.00,10500.00,https://ostrovok.ru/hotel/russia/western_siberia_irkutsk_oblast_multi/mid10485526/gostevoy_dom_sunrise
alaniya,10003444,Четырёхместный номер Standard,3202004,2,2,,,"[""nobedding""]",,4,6926.00,7000.00,https://ostrovok.ru/hotel/russia/western_siberia_irkutsk_oblast_multi/mid10003444/alaniya
hotel_nataly_2,7776564,Двухместный номер Economy с красивым видом из окна (общая ванная комната) (2 отдельные кровати),3101402000U,1,1,2 отдельные кровати,"[""2 отдельные кровати""]","[""twin""]","[{""bed"": ""single"", ""count"": 2}]",2,3800.00,3800.00,https://ostrovok.ru/hotel/russia/western_siberia_irkutsk_oblast_multi/mid7776564/hotel_nataly_2
hotel_nataly_2,7776564,Двухместный номер Economy с красивым видом из окна (общая ванная комната) (двуспальная кровать),3101302000U,1,1,двуспальная кровать,"[""двуспальная кровать""]","[""double""]","[{""bed"": ""double"", ""count"": 1}]",2,4500.00,4500.00,https://ostrovok.ru/hotel/russia/western_siberia_irkutsk_oblast_multi/mid7776564/hotel_nataly_2
hotel_nataly_2,7776564,Апартаменты с 2 комнатами,600200002,1,1,,,"[""nobedding""]",,1,7000.00,7000.00,https://ostrovok.ru/hotel/russia/western_siberia_irkutsk_oblast_multi/mid7776564/hotel_nataly_2
hotel_nataly_2,7776564,Люкс с красивым видом из окна,5002000000U,1,1,,,"[""nobedding""]",,1,7000.00,7000.00,https://ostrovok.ru/hotel/russia/western_siberia_irkutsk_oblast_multi/mid7776564/hotel_nataly_2
tsentr_otdykha_dashi,8138887,Двухместный номер Economy с балконом (двуспальная кровать),3102302001,2,2,двуспальная кровать,"[""двуспальная кровать""]","[""double""]","[{""bed"": ""double"", ""count"": 1}]",2,10360.00,10470.00,https://ostrovok.ru/hotel/russia/western_siberia_irkutsk_oblast_multi/mid8138887/tsentr_otdykha_dashi
tsentr_otdykha_dashi,8138887,Двухместный номер Standard с видом на озеро (двуспальная кровать),3202302000D,2,5,двуспальная кровать,"[""двуспальная кровать""]","[""double""]","[{""bed"": ""double"", ""count"": 1}]",2,11725.00,11850.00,https://ostrovok.ru/hotel/russia/western_siberia_irkutsk_oblast_multi/mid8138887/tsentr_otdykha_dashi
tsentr_otdykha_dashi,8138887,Четырёхместный семейный номер Standard с 3 комнатами с балконом и с красивым видом из окна,3202014031U,2,4,,,"[""nobedding""]",,4,18207.00,18400.00,https://ostrovok.ru/hotel/russia/western_siberia_irkutsk_oblast_multi/mid8138887/tsentr_otdykha_dashi
tsentr_otdykha_dashi,8138887,Двухместный номер Deluxe с 2 комнатами с балконом и с видом на озеро (двуспальная кровать),3602302021D,2,2,двуспальная кровать,"[""двуспальная кровать""]","[""double""]","[{""bed"": ""double"", ""count"": 1}]",2,22076.00,22310.00,https://ostrovok.ru/hotel/russia/western_siberia_irkutsk_oblast_multi/mid8138887/tsentr_otdykha_dashi
tsentr_otdykha_dashi,8138887,Двухместный люкс с балконом и с видом на озеро (двуспальная кровать),5002302001D,2,6,двуспальная кровать,"[""двуспальная кровать""]","[""double""]","[{""bed"": ""double"", ""count"": 1}]",2,22857.00,23100.00,https://ostrovok.ru/hotel/russia/western_siberia_irkutsk_oblast_multi/mid8138887/tsentr_otdykha_dashi
the_sky_of_lake_baikal,13459275,Двухместный коттедж Economy (общая ванная комната) (2 отдельные кровати) (в дополнительном здании),9101402,1,1,2 отдельные кровати,"[""2 отдельные кровати""]","[""twin""]","[{""bed"": ""single"", ""count"": 2}]",2,3488.00,3488.00,https://ostrovok.ru/hotel/russia/western_siberia_irkutsk_oblast_multi/mid13459275/the_sky_of_lake_baikal
the_sky_of_lake_baikal,13459275,Трёхместный коттедж Economy (общая ванная комната) (в дополнительном здании),9101003,1,2,,,"[""nobedding""]",,3,3488.00,3488.00,https://ostrovok.ru/hotel/russia/western_siberia_irkutsk_oblast_multi/mid13459275/the_sky_of_lake_baikal
the_sky_of_lake_baikal,13459275,Двухместный коттедж Economy (общая ванная комната) (двуспальная кровать) (в дополнительном здании),9101302,1,1,двуспальная кровать,"[""двуспальная кровать""]","[""double""]","[{""bed"": ""double"", ""count"": 1}]",2,3986.00,3986.00,https://ostrovok.ru/hotel/russia/western_siberia_irkutsk_oblast_multi/mid13459275/the_sky_of_lake_baikal
lenatour,8752255,Двухместный номер Standard (общая ванная комната) (двуспальная кровать) (тип кровати может измениться),3201302,2,1,двуспальная кровать,"[""двуспальная кровать""]","[""double""]","[{""bed"": ""double"", ""count"": 1}]",2,3235.00,3424.00,https://ostrovok.ru/hotel/russia/western_siberia_irkutsk_oblast_multi/mid8752255/lenatour
lenatour,8752255,Двухместный номер Standard (общая ванная комната) (2 отдельные кровати),3201402,1,1,2 отдельные кровати,"[""2 отдельные кровати""]","[""twin""]","[{""bed"": ""single"", ""count"": 2}]",2,4418.00,4418.00,https://ostrovok.ru/hotel/russia/western_siberia_irkutsk_oblast_multi/mid8752255/lenatour
inn_oasis_2,8426230,Двухместный номер Standard с балконом (двуспальная кровать),3202302001,2,4,двуспальная кровать,"[""двуспальная кровать""]","[""double""]","[{""bed"": ""double"", ""count"": 1}]",2,5937.00,6000.00,https://ostrovok.ru/hotel/russia/western_siberia_irkutsk_oblast_multi/mid8426230/inn_oasis_2
inn_oasis_2,8426230,Двухместный номер Standard с балконом (2 отдельные кровати),3202402001,2,4,2 отдельные кровати,"[""2 отдельные кровати""]","[""twin""]","[{""bed"": ""single"", ""count"": 2}]",2,6926.00,7000.00,https://ostrovok.ru/hotel/russia/western_siberia_irkutsk_oblast_multi/mid8426230/inn_oasis_2
inn_oasis_2,8426230,Семейный номер Standard с балконом,3202010001,2,1,,,"[""nobedding""]",,3,8905.00,9000.00,https://ostrovok.ru/hotel/russia/western_siberia_irkutsk_oblast_multi/mid8426230/inn_oasis_2
inn_oasis_2,8426230,Апартаменты с 2 комнатами с балконом,6002000021,2,1,,,"[""nobedding""]",,1,13853.00,14000.00,https://ostrovok.ru/hotel/russia/western_siberia_irkutsk_oblast_multi/mid8426230/inn_oasis_2
gostevoj_dom_na_zvezdinskoj,6827039,Трёхместный номер Standard,3202003,2,5,,,"[""nobedding""]",,3,4944.00,5000.00,https://ostrovok.ru/hotel/russia/western_siberia_irkutsk_oblast_multi/mid6827039/gostevoj_dom_na_zvezdinskoj
baza_otdykha_olkhon,11256148,Двухместный номер Economy (2 отдельные кровати),3102402,2,9,2 отдельные кровати,"[""2 отдельные кровати""]","[""twin""]","[{""bed"": ""single"", ""count"": 2}]",2,5448.00,5500.00,https://ostrovok.ru/hotel/russia/western_siberia_irkutsk_oblast_multi/mid11256148/baza_otdykha_olkhon
baza_otdykha_olkhon,11256148,Трёхместный номер Standard,3202003,2,16,,,"[""nobedding""]",,3,5448.00,5500.00,https://ostrovok.ru/hotel/russia/western_siberia_irkutsk_oblast_multi/mid11256148/baza_otdykha_olkhon
baza_otdykha_olkhon,11256148,Трёхместный номер Superior,3502003,2,13,,,"[""nobedding""]",,3,5448.00,5500.00,https://ostrovok.ru/hotel/russia/western_siberia_irkutsk_oblast_multi/mid11256148/baza_otdykha_olkhon
kupechesky_dvor_hotel,8059354,Двухместный номер Standard Мансарда (2 отдельные кровати),320240200004,2,1,2 отдельные кровати,"[""2 отдельные кровати""]","[""twin""]","[{""bed"": ""single"", ""count"": 2}]",2,8108.00,8200.00,https://ostrovok.ru/hotel/russia/western_siberia_irkutsk_oblast_multi/mid8059354/kupechesky_dvor_hotel
kupechesky_dvor_hotel,8059354,Двухместный номер Standard Мансарда (двуспальная кровать),320230200004,2,1,двуспальная кровать,"[""двуспальная кровать""]","[""double""]","[{""bed"": ""double"", ""count"": 1}]",2,8108.00,8200.00,https://ostrovok.ru/hotel/russia/western_siberia_irkutsk_oblast_multi/mid8059354/kupechesky_dvor_hotel
kupechesky_dvor_hotel,8059354,Двухместный номер Standard с видом на город (двуспальная кровать),32023020005,2,1,двуспальная кровать,"[""двуспальная кровать""]","[""double""]","[{""bed"": ""double"", ""count"": 1}]",2,8800.00,8900.00,https://ostrovok.ru/hotel/russia/western_siberia_irkutsk_oblast_multi/mid8059354/kupechesky_dvor_hotel
kupechesky_dvor_hotel,8059354,Двухместный полулюкс Мансарда (двуспальная кровать),400230200004,2,2,двуспальная кровать,"[""двуспальная кровать""]","[""double""]","[{""bed"": ""double"", ""count"": 1}]",2,11372.00,11500.00,https://ostrovok.ru/hotel/russia/western_siberia_irkutsk_oblast_multi/mid8059354/kupechesky_dvor_hotel
kupechesky_dvor_hotel,8059354,Двухместный полулюкс с видом на город (двуспальная кровать) (кровать king size),40023020005,2,1,двуспальная кровать,"[""двуспальная кровать""]","[""double""]","[{""bed"": ""double"", ""count"": 1}]",2,12756.00,12900.00,https://ostrovok.ru/hotel/russia/western_siberia_irkutsk_oblast_multi/mid8059354/kupechesky_dvor_hotel
kupechesky_dvor_hotel,8059354,Двухместный полулюкс с балконом и с видом на город (двуспальная кровать),40023020015,2,1,двуспальная кровать,"[""двуспальная кровать""]","[""double""]","[{""bed"": ""double"", ""count"": 1}]",2,13844.00,14000.00,https://ostrovok.ru/hotel/russia/western_siberia_irkutsk_oblast_multi/mid8059354/kupechesky_dvor_hotel
magas,6839053,Кровать в общем номере (общая ванная комната) (4 кровати),1001,2,4,,,"[""nobedding""]",,1,1661.00,1680.00,https://ostrovok.ru/hotel/russia/western_siberia_irkutsk_oblast_multi/mid6839053/magas
magas,6839053,Трёхместный номер Economy (общая ванная комната),3101003,2,2,,,"[""nobedding""]",,3,3026.00,3060.00,https://ostrovok.ru/hotel/russia/western_siberia_irkutsk_oblast_multi/mid6839053/magas
magas,6839053,Двухместный номер Standard с видом на город (2 отдельные кровати),32024020005,2,6,2 отдельные кровати,"[""2 отдельные кровати""]","[""twin""]","[{""bed"": ""single"", ""count"": 2}]",2,3917.00,3960.00,https://ostrovok.ru/hotel/russia/western_siberia_irkutsk_oblast_multi/mid6839053/magas
magas,6839053,Трёхместный номер Classic,3B02003,2,4,,,"[""nobedding""]",,3,3917.00,3960.00,https://ostrovok.ru/hotel/russia/western_siberia_irkutsk_oblast_multi/mid6839053/magas
magas,6839053,Двухместный полулюкс (двуспальная кровать),4002302,2,4,двуспальная кровать,"[""двуспальная кровать""]","[""double""]","[{""bed"": ""double"", ""count"": 1}]",2,4629.00,4680.00,https://ostrovok.ru/hotel/russia/western_siberia_irkutsk_oblast_multi/mid6839053/magas
hotel_kurshavel_,6456691,Двухместный номер Standard (двуспальная кровать),3202302,2,3,двуспальная кровать,"[""двуспальная кровать""]","[""double""]","[{""bed"": ""double"", ""count"": 1}]",2,3475.00,3500.00,https://ostrovok.ru/hotel/russia/western_siberia_irkutsk_oblast_multi/mid6456691/hotel_kurshavel_
hotel_kurshavel_,6456691,Двухместный номер Standard (2 отдельные кровати),3202402,2,7,2 отдельные кровати,"[""2 отдельные кровати""]","[""twin""]","[{""bed"": ""single"", ""count"": 2}]",2,3475.00,3500.00,https://ostrovok.ru/hotel/russia/western_siberia_irkutsk_oblast_multi/mid6456691/hotel_kurshavel_
hotel_kurshavel_,6456691,Трёхместный номер Standard,3202003,2,2,,,"[""nobedding""]",,3,3872.00,3900.00,https://ostrovok.ru/hotel/russia/western_siberia_irkutsk_oblast_multi/mid6456691/hotel_kurshavel_
hotel_kurshavel_,6456691,Двухместный номер Superior (двуспальная кровать),3502302,2,1,двуспальная кровать,"[""двуспальная кровать""]","[""double""]","[{""bed"": ""double"", ""count"": 1}]",2,4468.00,4500.00,https://ostrovok.ru/hotel/russia/western_siberia_irkutsk_oblast_multi/mid6456691/hotel_kurshavel_
hotel_kurshavel_,6456691,Номер Standard с 2 комнатами,320200002,2,1,,,"[""nobedding""]",,1,5461.00,5500.00,https://ostrovok.ru/hotel/russia/western_siberia_irkutsk_oblast_multi/mid6456691/hotel_kurshavel_
larus,9828888,Двухместный номер Standard (2 отдельные кровати) (тип кровати может измениться),3202402,2,4,2 отдельные кровати,"[""2 отдельные кровати""]","[""twin""]","[{""bed"": ""single"", ""count"": 2}]",2,5214.00,6233.00,https://ostrovok.ru/hotel/russia/western_siberia_irkutsk_oblast_multi/mid9828888/larus
kheyvitsa_guest_house,11169967,Одноместный номер Русская печка (односпальная кровать),3B02201,1,1,односпальная кровать,"[""односпальная кровать""]","[""nobedding""]","[{""bed"": ""single"", ""count"": 1}]",1,4650.00,4650.00,https://ostrovok.ru/hotel/russia/western_siberia_irkutsk_oblast_multi/mid11169967/kheyvitsa_guest_house
kheyvitsa_guest_house,11169967,Двухместный полулюкс Кочевник (двуспальная кровать),4602302,1,1,двуспальная кровать,"[""двуспальная кровать""]","[""double""]","[{""bed"": ""double"", ""count"": 1}]",2,5937.00,5937.00,https://ostrovok.ru/hotel/russia/western_siberia_irkutsk_oblast_multi/mid11169967/kheyvitsa_guest_house
kheyvitsa_guest_house,11169967,Двухместный номер Лазурный (двуспальная кровать),3402302,1,1,двуспальная кровать,"[""двуспальная кровать""]","[""double""]","[{""bed"": ""double"", ""count"": 1}]",2,5937.00,5937.00,https://ostrovok.ru/hotel/russia/western_siberia_irkutsk_oblast_multi/mid11169967/kheyvitsa_guest_house
kheyvitsa_guest_house,11169967,Двухместный номер Купеческий (двуспальная кровать) (кровать king size),3E02302,1,1,двуспальная кровать,"[""двуспальная кровать""]","[""double""]","[{""bed"": ""double"", ""count"": 1}]",2,5937.00,5937.00,https://ostrovok.ru/hotel/russia/western_siberia_irkutsk_oblast_multi/mid11169967/kheyvitsa_guest_house
kheyvitsa_guest_house,11169967,Двухместный полулюкс Монгольский Хан (двуспальная кровать),4A02302,1,1,двуспальная кровать,"[""двуспальная кровать""]","[""double""]","[{""bed"": ""double"", ""count"": 1}]",2,6530.00,6530.00,https://ostrovok.ru/hotel/russia/western_siberia_irkutsk_oblast_multi/mid11169967/kheyvitsa_guest_house
kheyvitsa_guest_house,11169967,Двухместный номер Прованс (двуспальная кровать),3802302,1,1,двуспальная кровать,"[""двуспальная кровать""]","[""double""]","[{""bed"": ""double"", ""count"": 1}]",2,7206.00,7206.00,https://ostrovok.ru/hotel/russia/western_siberia_irkutsk_oblast_multi/mid11169967/kheyvitsa_guest_house
kheyvitsa_guest_house,11169967,Двухместный полулюкс Царские палаты (двуспальная кровать),4F02302,1,1,двуспальная кровать,"[""двуспальная кровать""]","[""double""]","[{""bed"": ""double"", ""count"": 1}]",2,7223.00,7223.00,https://ostrovok.ru/hotel/russia/western_siberia_irkutsk_oblast_multi/mid11169967/kheyvitsa_guest_house
city_park_hotel_13,9987117,Двухместный номер Economy (общая ванная комната) (двуспальная кровать),3101302,1,1,двуспальная кровать,"[""двуспальная кровать""]","[""double""]","[{""bed"": ""double"", ""count"": 1}]",2,2198.00,2198.00,https://ostrovok.ru/hotel/russia/western_siberia_irkutsk_oblast_multi/mid9987117/city_park_hotel_13
city_park_hotel_13,9987117,Номер Deluxe с балконом и с видом на город,36020000015,2,1,,,"[""nobedding""]",,1,2544.00,2565.00,https://ostrovok.ru/hotel/russia/western_siberia_irkutsk_oblast_multi/mid9987117/city_park_hotel_13
city_park_hotel_13,9987117,Полулюкс Comfort с красивым видом из окна,4302000000U,2,2,,,"[""nobedding""]",,1,2638.00,2660.00,https://ostrovok.ru/hotel/russia/western_siberia_irkutsk_oblast_multi/mid9987117/city_park_hotel_13
city_park_hotel_13,9987117,Двухместный номер Deluxe (двуспальная кровать),3602302,1,1,двуспальная кровать,"[""двуспальная кровать""]","[""double""]","[{""bed"": ""double"", ""count"": 1}]",2,2697.00,2697.00,https://ostrovok.ru/hotel/russia/western_siberia_irkutsk_oblast_multi/mid9987117/city_park_hotel_13
gostevoi_dom_margobai,8735570,Кровать в общем номере (общая ванная комната) (3 кровати),1001,5,12,,,"[""nobedding""]",,1,1879.00,4973.00,https://ostrovok.ru/hotel/russia/western_siberia_irkutsk_oblast_multi/mid8735570/gostevoi_dom_margobai
gostevoi_dom_margobai,8735570,Семейный номер Economy (общая ванная комната),310101,1,2,,,"[""nobedding""]",,3,4747.00,4747.00,https://ostrovok.ru/hotel/russia/western_siberia_irkutsk_oblast_multi/mid8735570/gostevoi_dom_margobai
gostevoi_dom_margobai,8735570,Двухместный номер Economy (общая ванная комната) (двуспальная кровать),3101302,5,1,двуспальная кровать,"[""двуспальная кровать""]","[""double""]","[{""bed"": ""double"", ""count"": 1}]",2,4747.00,8023.00,https://ostrovok.ru/hotel/russia/western_siberia_irkutsk_oblast_multi/mid8735570/gostevoi_dom_margobai
gostevoi_dom_margobai,8735570,Двухместный номер Economy (общая ванная комната) (2 отдельные кровати),3101402,5,5,2 отдельные кровати,"[""2 отдельные кровати""]","[""twin""]","[{""bed"": ""single"", ""count"": 2}]",2,4747.00,8023.00,https://ostrovok.ru/hotel/russia/western_siberia_irkutsk_oblast_multi/mid8735570/gostevoi_dom_margobai
gostevoi_dom_margobai,8735570,Трёхместный номер Economy (общая ванная комната),3101003,5,2,,,"[""nobedding""]",,3,4783.00,8023.00,https://ostrovok.ru/hotel/russia/western_siberia_irkutsk_oblast_multi/mid8735570/gostevoi_dom_margobai
gostevoi_dom_margobai,8735570,Двухместный номер Standard (2 отдельные кровати),3202402,5,1,2 отдельные кровати,"[""2 отдельные кровати""]","[""twin""]","[{""bed"": ""single"", ""count"": 2}]",2,6825.00,10116.00,https://ostrovok.ru/hotel/russia/western_siberia_irkutsk_oblast_multi/mid8735570/gostevoi_dom_margobai
gostevoi_dom_margobai,8735570,Двухместный номер Standard (двуспальная кровать),3202302,5,4,двуспальная кровать,"[""двуспальная кровать""]","[""double""]","[{""bed"": ""double"", ""count"": 1}]",2,6825.00,10116.00,https://ostrovok.ru/hotel/russia/western_siberia_irkutsk_oblast_multi/mid8735570/gostevoi_dom_margobai
gostevoi_dom_margobai,8735570,Двухместный люкс (двуспальная кровать) (диван),5002302,6,3,двуспальная кровать,"[""двуспальная кровать""]","[""double""]","[{""bed"": ""double"", ""count"": 1}]",2,8110.00,11427.00,https://ostrovok.ru/hotel/russia/western_siberia_irkutsk_oblast_multi/mid8735570/gostevoi_dom_margobai
miniotel_medveditsa,10019685,Двухместный номер Standard с балконом (общая ванная комната) (2 отдельные кровати),3201402001,2,5,2 отдельные кровати,"[""2 отдельные кровати""]","[""twin""]","[{""bed"": ""single"", ""count"": 2}]",2,4660.00,4710.00,https://ostrovok.ru/hotel/russia/western_siberia_irkutsk_oblast_multi/mid10019685/miniotel_medveditsa
miniotel_medveditsa,10019685,Двухместный номер Standard с балконом (общая ванная комната) (двуспальная кровать),3201302001,2,4,двуспальная кровать,"[""двуспальная кровать""]","[""double""]","[{""bed"": ""double"", ""count"": 1}]",2,4660.00,4710.00,https://ostrovok.ru/hotel/russia/western_siberia_irkutsk_oblast_multi/mid10019685/miniotel_medveditsa
guesthouse_dudeevukh,10367494,Двухместный номер Standard (двуспальная кровать),3202302,1,1,двуспальная кровать,"[""двуспальная кровать""]","[""double""]","[{""bed"": ""double"", ""count"": 1}]",2,4155.00,4155.00,https://ostrovok.ru/hotel/russia/western_siberia_irkutsk_oblast_multi/mid10367494/guesthouse_dudeevukh
guesthouse_dudeevukh,10367494,Трёхместный номер Standard,3202003,1,1,,,"[""nobedding""]",,3,5937.00,5937.00,https://ostrovok.ru/hotel/russia/western_siberia_irkutsk_oblast_multi/mid10367494/guesthouse_dudeevukh
baykal_khan_hotel_olkhon,6848973,Двухместный номер Standard с балконом и с красивым видом из окна (двуспальная кровать),3202302001U,2,7,двуспальная кровать,"[""двуспальная кровать""]","[""double""]","[{""bed"": ""double"", ""count"": 1}]",2,13422.00,13570.00,https://ostrovok.ru/hotel/russia/western_siberia_irkutsk_oblast_multi/mid6848973/baykal_khan_hotel_olkhon
baykal_khan_hotel_olkhon,6848973,Двухместный номер Standard с балконом и с красивым видом из окна (2 отдельные кровати),3202402001U,2,15,2 отдельные кровати,"[""2 отдельные кровати""]","[""twin""]","[{""bed"": ""single"", ""count"": 2}]",2,13422.00,13570.00,https://ostrovok.ru/hotel/russia/western_siberia_irkutsk_oblast_multi/mid6848973/baykal_khan_hotel_olkhon
baykal_khan_hotel_olkhon,6848973,Двухместный номер Superior с балконом и с красивым видом из окна (двуспальная кровать),3502302001U,2,2,двуспальная кровать,"[""двуспальная кровать""]","[""double""]","[{""bed"": ""double"", ""count"": 1}]",2,15757.00,15930.00,https://ostrovok.ru/hotel/russia/western_siberia_irkutsk_oblast_multi/mid6848973/baykal_khan_hotel_olkhon
baykal_khan_hotel_olkhon,6848973,Двухместный номер Superior с балконом и с красивым видом из окна (2 отдельные кровати),3502402001U,2,2,2 отдельные кровати,"[""2 отдельные кровати""]","[""twin""]","[{""bed"": ""single"", ""count"": 2}]",2,15757.00,15930.00,https://ostrovok.ru/hotel/russia/western_siberia_irkutsk_oblast_multi/mid6848973/baykal_khan_hotel_olkhon
tikhaya_gavan_4,9989818,Двухместный номер Standard (двуспальная кровать),3202302,1,1,двуспальная кровать,"[""двуспальная кровать""]","[""double""]","[{""bed"": ""double"", ""count"": 1}]",2,4286.00,4286.00,https://ostrovok.ru/hotel/russia/western_siberia_irkutsk_oblast_multi/mid9989818/tikhaya_gavan_4
tikhaya_gavan_4,9989818,Трёхместный номер Superior,3502003,2,2,,,"[""nobedding""]",,3,4650.00,4700.00,https://ostrovok.ru/hotel/russia/western_siberia_irkutsk_oblast_multi/mid9989818/tikhaya_gavan_4
baikalbabr,10008713,Двухместный номер Superior с красивым видом из окна (общая ванная комната) (двуспальная кровать),3501302000U,1,3,двуспальная кровать,"[""двуспальная кровать""]","[""double""]","[{""bed"": ""double"", ""count"": 1}]",2,8407.00,8407.00,https://ostrovok.ru/hotel/russia/western_siberia_irkutsk_oblast_multi/mid10008713/baikalbabr
baikalbabr,10008713,Четырёхместный номер Standard с видом на озеро (общая ванная комната),3201004000D,1,1,,,"[""nobedding""]",,4,10880.00,10880.00,https://ostrovok.ru/hotel/russia/western_siberia_irkutsk_oblast_multi/mid10008713/baikalbabr
gostevoj_dom_otdyih_na_bajkale,10014826,Двухместный номер Standard (общая ванная комната) (2 отдельные кровати),3201402,1,1,2 отдельные кровати,"[""2 отдельные кровати""]","[""twin""]","[{""bed"": ""single"", ""count"": 2}]",2,2972.00,2972.00,https://ostrovok.ru/hotel/russia/western_siberia_irkutsk_oblast_multi/mid10014826/gostevoj_dom_otdyih_na_bajkale
gostevoj_dom_otdyih_na_bajkale,10014826,Четырёхместный номер Economy (общая ванная комната),3101004,1,1,,,"[""nobedding""]",,4,3962.00,3962.00,https://ostrovok.ru/hotel/russia/western_siberia_irkutsk_oblast_multi/mid10014826/gostevoj_dom_otdyih_na_bajkale
gostevoj_dom_otdyih_na_bajkale,10014826,Четырёхместный номер Standard,3202004,1,2,,,"[""nobedding""]",,4,4953.00,4953.00,https://ostrovok.ru/hotel/russia/western_siberia_irkutsk_oblast_multi/mid10014826/gostevoj_dom_otdyih_na_bajkale
gostevoj_dom_otdyih_na_bajkale,10014826,Двухместный номер Standard (2 отдельные кровати),3202402,1,2,2 отдельные кровати,"[""2 отдельные кровати""]","[""twin""]","[{""bed"": ""single"", ""count"": 2}]",2,5944.00,5944.00,https://ostrovok.ru/hotel/russia/western_siberia_irkutsk_oblast_multi/mid10014826/gostevoj_dom_otdyih_na_bajkale
gostevoj_dom_otdyih_na_bajkale,10014826,Апартаменты с 2 комнатами (внешняя собственная ванная комната),600300002,1,1,,,"[""nobedding""]",,1,9906.00,9906.00,https://ostrovok.ru/hotel/russia/western_siberia_irkutsk_oblast_multi/mid10014826/gostevoj_dom_otdyih_na_bajkale
gostevoj_dom_otdyih_na_bajkale,10014826,Коттедж (общая ванная комната),9001,1,1,,,"[""nobedding""]",,1,59440.00,59440.00,https://ostrovok.ru/hotel/russia/western_siberia_irkutsk_oblast_multi/mid10014826/gostevoj_dom_otdyih_na_bajkale
gostevoy_dom_briz_3,10622187,Двухместный номер Standard (2 отдельные кровати),3202402,1,8,2 отдельные кровати,"[""2 отдельные кровати""]","[""twin""]","[{""bed"": ""single"", ""count"": 2}]",2,4452.00,4452.00,https://ostrovok.ru/hotel/russia/western_siberia_irkutsk_oblast_multi/mid10622187/gostevoy_dom_briz_3
gostevoy_dom_briz_3,10622187,Трёхместный номер Economy с балконом,3102003001,1,6,,,"[""nobedding""]",,3,5442.00,5442.00,https://ostrovok.ru/hotel/russia/western_siberia_irkutsk_oblast_multi/mid10622187/gostevoy_dom_briz_3
tri_kita_2,9824733,Двухместный номер Comfort (2 отдельные кровати),3302402,4,1,2 отдельные кровати,"[""2 отдельные кровати""]","[""twin""]","[{""bed"": ""single"", ""count"": 2}]",2,4195.00,4900.00,https://ostrovok.ru/hotel/russia/western_siberia_irkutsk_oblast_multi/mid9824733/tri_kita_2
tri_kita_2,9824733,Двухместный номер Comfort (двуспальная кровать),3302302,4,1,двуспальная кровать,"[""двуспальная кровать""]","[""double""]","[{""bed"": ""double"", ""count"": 1}]",2,4195.00,4900.00,https://ostrovok.ru/hotel/russia/western_siberia_irkutsk_oblast_multi/mid9824733/tri_kita_2
tri_kita_2,9824733,Двухместный Делюкс (двуспальная кровать),4002302,4,1,двуспальная кровать,"[""двуспальная кровать""]","[""double""]","[{""bed"": ""double"", ""count"": 1}]",2,6991.00,7700.00,https://ostrovok.ru/hotel/russia/western_siberia_irkutsk_oblast_multi/mid9824733/tri_kita_2
tri_kita_2,9824733,Четырёхместный семейный люкс (в главном здании),5002014,2,1,,,"[""nobedding""]",,4,7871.00,8647.00,https://ostrovok.ru/hotel/russia/western_siberia_irkutsk_oblast_multi/mid9824733/tri_kita_2
gostinitsa_solntse,7818100,Номер Economy,3102,2,6,,,"[""nobedding""]",,1,8704.00,8800.00,https://ostrovok.ru/hotel/russia/western_siberia_irkutsk_oblast_multi/mid7818100/gostinitsa_solntse
gostinitsa_solntse,7818100,Двухместный номер Standard с видом на город (2 отдельные кровати),32024020005,2,4,2 отдельные кровати,"[""2 отдельные кровати""]","[""twin""]","[{""bed"": ""single"", ""count"": 2}]",2,9990.00,10100.00,https://ostrovok.ru/hotel/russia/western_siberia_irkutsk_oblast_multi/mid7818100/gostinitsa_solntse
gostinitsa_solntse,7818100,Двухместный номер Superior с видом на город (двуспальная кровать),35023020005,2,4,двуспальная кровать,"[""двуспальная кровать""]","[""double""]","[{""bed"": ""double"", ""count"": 1}]",2,9990.00,10100.00,https://ostrovok.ru/hotel/russia/western_siberia_irkutsk_oblast_multi/mid7818100/gostinitsa_solntse
gostinitsa_solntse,7818100,Полулюкс с видом на город,40020000005,2,2,,,"[""nobedding""]",,1,11523.00,11650.00,https://ostrovok.ru/hotel/russia/western_siberia_irkutsk_oblast_multi/mid7818100/gostinitsa_solntse
gostinitsa_solntse,7818100,Двухместный полулюкс с видом на город (общая ванная комната) (двуспальная кровать),40013020005,2,1,двуспальная кровать,"[""двуспальная кровать""]","[""double""]","[{""bed"": ""double"", ""count"": 1}]",2,11523.00,11650.00,https://ostrovok.ru/hotel/russia/western_siberia_irkutsk_oblast_multi/mid7818100/gostinitsa_solntse
gostinitsa_solntse,7818100,Двухместный номер Comfort с видом на город (двуспальная кровать),33023020005,2,2,двуспальная кровать,"[""двуспальная кровать""]","[""double""]","[{""bed"": ""double"", ""count"": 1}]",2,11523.00,11650.00,https://ostrovok.ru/hotel/russia/western_siberia_irkutsk_oblast_multi/mid7818100/gostinitsa_solntse
gostinitsa_solntse,7818100,Студия с видом на город,70020000005,2,1,,,"[""nobedding""]",,1,16320.00,16500.00,https://ostrovok.ru/hotel/russia/western_siberia_irkutsk_oblast_multi/mid7818100/gostinitsa_solntse
gostinitsa_solntse,7818100,Люкс с 2 комнатами с видом на город (джакузи),50020000205,2,1,,,"[""nobedding""]",,1,21266.00,21500.00,https://ostrovok.ru/hotel/russia/western_siberia_irkutsk_oblast_multi/mid7818100/gostinitsa_solntse
hotel_yubileinaya__2,6433819,Одноместный номер Standard с балконом,3202001001,2,1,,,"[""nobedding""]",,1,2420.00,2700.00,https://ostrovok.ru/hotel/russia/western_siberia_irkutsk_oblast_multi/mid6433819/hotel_yubileinaya__2
hotel_yubileinaya__2,6433819,Двухместный номер Standard (двуспальная кровать),3202302,3,1,двуспальная кровать,"[""двуспальная кровать""]","[""double""]","[{""bed"": ""double"", ""count"": 1}]",2,2690.00,3000.00,https://ostrovok.ru/hotel/russia/western_siberia_irkutsk_oblast_multi/mid6433819/hotel_yubileinaya__2
hotel_yubileinaya__2,6433819,Двухместный номер Standard (2 отдельные кровати),3202402,3,10,2 отдельные кровати,"[""2 отдельные кровати""]","[""twin""]","[{""bed"": ""single"", ""count"": 2}]",2,2690.00,3000.00,https://ostrovok.ru/hotel/russia/western_siberia_irkutsk_oblast_multi/mid6433819/hotel_yubileinaya__2
hotel_yubileinaya__2,6433819,Двухместный номер Standard с балконом (двуспальная кровать),3202302001,3,1,двуспальная кровать,"[""двуспальная кровать""]","[""double""]","[{""bed"": ""double"", ""count"": 1}]",2,2868.00,3200.00,https://ostrovok.ru/hotel/russia/western_siberia_irkutsk_oblast_multi/mid6433819/hotel_yubileinaya__2
hotel_yubileinaya__2,6433819,Двухместный номер Comfort (двуспальная кровать),3302302,3,2,двуспальная кровать,"[""двуспальная кровать""]","[""double""]","[{""bed"": ""double"", ""count"": 1}]",2,3138.00,3500.00,https://ostrovok.ru/hotel/russia/western_siberia_irkutsk_oblast_multi/mid6433819/hotel_yubileinaya__2
uda_2,8752619,Одноместный номер Standard с видом на город,32020010005,2,3,,,"[""nobedding""]",,1,1682.00,1700.00,https://ostrovok.ru/hotel/russia/western_siberia_irkutsk_oblast_multi/mid8752619/uda_2
uda_2,8752619,Одноместный номер Superior с видом на город,35020010005,2,14,,,"[""nobedding""]",,1,1830.00,1850.00,https://ostrovok.ru/hotel/russia/western_siberia_irkutsk_oblast_multi/mid8752619/uda_2
uda_2,8752619,Двухместный номер Standard с видом на город (2 отдельные кровати),32024020005,2,2,2 отдельные кровати,"[""2 отдельные кровати""]","[""twin""]","[{""bed"": ""single"", ""count"": 2}]",2,1880.00,1900.00,https://ostrovok.ru/hotel/russia/western_siberia_irkutsk_oblast_multi/mid8752619/uda_2
uda_2,8752619,Двухместный номер Superior с видом на город (2 отдельные кровати),35024020005,2,9,2 отдельные кровати,"[""2 отдельные кровати""]","[""twin""]","[{""bed"": ""single"", ""count"": 2}]",2,2176.00,2200.00,https://ostrovok.ru/hotel/russia/western_siberia_irkutsk_oblast_multi/mid8752619/uda_2
uda_2,8752619,Двухместный номер Comfort с видом на город (двуспальная кровать),33023020005,2,6,двуспальная кровать,"[""двуспальная кровать""]","[""double""]","[{""bed"": ""double"", ""count"": 1}]",2,2572.00,2600.00,https://ostrovok.ru/hotel/russia/western_siberia_irkutsk_oblast_multi/mid8752619/uda_2
uda_2,8752619,Двухместный полулюкс с 2 комнатами с видом на город (двуспальная кровать) (диван),40023020205,2,2,двуспальная кровать,"[""двуспальная кровать""]","[""double""]","[{""bed"": ""double"", ""count"": 1}]",2,4947.00,5000.00,https://ostrovok.ru/hotel/russia/western_siberia_irkutsk_oblast_multi/mid8752619/uda_2
the_hotel_on_volzhskaya,11311377,Трёхместный номер Economy (общая ванная комната) (в главном здании),3101003,1,13,,,"[""nobedding""]",,3,2840.00,2840.00,https://ostrovok.ru/hotel/russia/western_siberia_irkutsk_oblast_multi/mid11311377/the_hotel_on_volzhskaya
the_hotel_on_volzhskaya,11311377,Двухместный полулюкс (двуспальная кровать) (в главном здании),4002302,1,3,двуспальная кровать,"[""двуспальная кровать""]","[""double""]","[{""bed"": ""double"", ""count"": 1}]",2,3587.00,3587.00,https://ostrovok.ru/hotel/russia/western_siberia_irkutsk_oblast_multi/mid11311377/the_hotel_on_volzhskaya
the_hotel_on_volzhskaya,11311377,Двухместный люкс улучшенный (двуспальная кровать) (в главном здании),5502302,1,1,двуспальная кровать,"[""двуспальная кровать""]","[""double""]","[{""bed"": ""double"", ""count"": 1}]",2,6478.00,6478.00,https://ostrovok.ru/hotel/russia/western_siberia_irkutsk_oblast_multi/mid11311377/the_hotel_on_volzhskaya
brusinka,6327901,Номер Economy (общая ванная комната),3101,2,1,,,"[""nobedding""]",,1,1929.00,1950.00,https://ostrovok.ru/hotel/russia/western_siberia_irkutsk_oblast_multi/mid6327901/brusinka
brusinka,6327901,Семейный номер Standard с красивым видом из окна (общая ванная комната),3201010000U,2,1,,,"[""nobedding""]",,3,2473.00,2500.00,https://ostrovok.ru/hotel/russia/western_siberia_irkutsk_oblast_multi/mid6327901/brusinka
irkutsk_city_lodge,7729360,Двухместный номер Standard (2 отдельные кровати),3202402,2,1,2 отдельные кровати,"[""2 отдельные кровати""]","[""twin""]","[{""bed"": ""single"", ""count"": 2}]",2,4154.00,4896.00,https://ostrovok.ru/hotel/russia/western_siberia_irkutsk_oblast_multi/mid7729360/irkutsk_city_lodge
irkutsk_city_lodge,7729360,Двухместный номер Economy (2 отдельные кровати) (без окна),3102402,2,1,2 отдельные кровати,"[""2 отдельные кровати""]","[""twin""]","[{""bed"": ""single"", ""count"": 2}]",2,4154.00,4896.00,https://ostrovok.ru/hotel/russia/western_siberia_irkutsk_oblast_multi/mid7729360/irkutsk_city_lodge
lotos_hotel,7744038,Кровать в общем номере (общая ванная комната) (4 кровати),1001,2,1,,,"[""nobedding""]",,1,1150.00,1150.00,https://ostrovok.ru/hotel/russia/western_siberia_irkutsk_oblast_multi/mid7744038/lotos_hotel
lotos_hotel,7744038,Двухместный номер Standard (2 отдельные кровати),3202402,4,2,2 отдельные кровати,"[""2 отдельные кровати""]","[""twin""]","[{""bed"": ""single"", ""count"": 2}]",2,3100.00,3800.00,https://ostrovok.ru/hotel/russia/western_siberia_irkutsk_oblast_multi/mid7744038/lotos_hotel
lotos_hotel,7744038,Двухместный номер Standard (двуспальная кровать),3202302,4,2,двуспальная кровать,"[""двуспальная кровать""]","[""double""]","[{""bed"": ""double"", ""count"": 1}]",2,3100.00,3800.00,https://ostrovok.ru/hotel/russia/western_siberia_irkutsk_oblast_multi/mid7744038/lotos_hotel
lotos_hotel,7744038,Трёхместный номер Standard,3202003,2,2,,,"[""nobedding""]",,3,3400.00,3400.00,https://ostrovok.ru/hotel/russia/western_siberia_irkutsk_oblast_multi/mid7744038/lotos_hotel
lotos_hotel,7744038,Двухместный номер Superior (2 отдельные кровати),3502402,4,4,2 отдельные кровати,"[""2 отдельные кровати""]","[""twin""]","[{""bed"": ""single"", ""count"": 2}]",2,3400.00,4100.00,https://ostrovok.ru/hotel/russia/western_siberia_irkutsk_oblast_multi/mid7744038/lotos_hotel
hotel_aziyayevropa,13393268,"Двухместный номер Economy (2 отдельные кровати) (без окна, в главном здании)",3102402,1,1,2 отдельные кровати,"[""2 отдельные кровати""]","[""twin""]","[{""bed"": ""single"", ""count"": 2}]",2,3986.00,3986.00,https://ostrovok.ru/hotel/russia/western_siberia_irkutsk_oblast_multi/mid13393268/hotel_aziyayevropa
hotel_aziyayevropa,13393268,Двухместный номер Standard (двуспальная кровать) (в главном здании),3202302,1,1,двуспальная кровать,"[""двуспальная кровать""]","[""double""]","[{""bed"": ""double"", ""count"": 1}]",2,5232.00,5232.00,https://ostrovok.ru/hotel/russia/western_siberia_irkutsk_oblast_multi/mid13393268/hotel_aziyayevropa
hotel_aziyayevropa,13393268,Двухместный номер Standard (2 отдельные кровати) (в главном здании),3202402,1,5,2 отдельные кровати,"[""2 отдельные кровати""]","[""twin""]","[{""bed"": ""single"", ""count"": 2}]",2,5232.00,5232.00,https://ostrovok.ru/hotel/russia/western_siberia_irkutsk_oblast_multi/mid13393268/hotel_aziyayevropa
hotel_aziyayevropa,13393268,Двухместный номер Superior (двуспальная кровать),3502302,1,1,двуспальная кровать,"[""двуспальная кровать""]","[""double""]","[{""bed"": ""double"", ""count"": 1}]",2,5979.00,5979.00,https://ostrovok.ru/hotel/russia/western_siberia_irkutsk_oblast_multi/mid13393268/hotel_aziyayevropa
modul,8585836,Одноместный номер Standard,3202001,2,0,,,"[""nobedding""]",,1,3834.00,4788.00,https://ostrovok.ru/hotel/russia/western_siberia_irkutsk_oblast_multi/mid8585836/modul
modul,8585836,Одноместный номер Economy,3102001,2,3,,,"[""nobedding""]",,1,3958.00,4947.00,https://ostrovok.ru/hotel/russia/western_siberia_irkutsk_oblast_multi/mid8585836/modul
modul,8585836,Одноместный номер Comfort,3302001,2,2,,,"[""nobedding""]",,1,4452.00,5442.00,https://ostrovok.ru/hotel/russia/western_siberia_irkutsk_oblast_multi/mid8585836/modul
modul,8585836,Двухместный номер Superior (двуспальная кровать) (тип кровати может измениться),3502302,2,2,двуспальная кровать,"[""двуспальная кровать""]","[""double""]","[{""bed"": ""double"", ""count"": 1}]",2,4657.00,5694.00,https://ostrovok.ru/hotel/russia/western_siberia_irkutsk_oblast_multi/mid8585836/modul
modul,8585836,Двухместный номер Standard (двуспальная кровать),3202302,3,0,двуспальная кровать,"[""двуспальная кровать""]","[""double""]","[{""bed"": ""double"", ""count"": 1}]",2,4788.00,5937.00,https://ostrovok.ru/hotel/russia/western_siberia_irkutsk_oblast_multi/mid8585836/modul
vitim,9291159,Двухместный номер Standard (общая ванная комната) (2 отдельные кровати),3201402,1,3,2 отдельные кровати,"[""2 отдельные кровати""]","[""twin""]","[{""bed"": ""single"", ""count"": 2}]",2,2989.00,2989.00,https://ostrovok.ru/hotel/russia/western_siberia_irkutsk_oblast_multi/mid9291159/vitim
mini_hotel_vizit,13384141,Одноместный номер Standard (односпальная кровать) (в главном здании),3202201,1,1,односпальная кровать,"[""односпальная кровать""]","[""nobedding""]","[{""bed"": ""single"", ""count"": 1}]",1,2989.00,2989.00,https://ostrovok.ru/hotel/russia/western_siberia_irkutsk_oblast_multi/mid13384141/mini_hotel_vizit
mini_hotel_vizit,13384141,Двухместный клубный номер Standard (двуспальная кровать),32023021,1,6,двуспальная кровать,"[""двуспальная кровать""]","[""double""]","[{""bed"": ""double"", ""count"": 1}]",2,3986.00,3986.00,https://ostrovok.ru/hotel/russia/western_siberia_irkutsk_oblast_multi/mid13384141/mini_hotel_vizit
mini_hotel_vizit,13384141,Шестиместный семейный клубный номер Standard (3 двуспальные кровати),32027161,1,1,3 двуспальные кровати,"[""3 двуспальные кровати""]","[""nobedding""]","[{""bed"": ""double"", ""count"": 3}]",2,3986.00,3986.00,https://ostrovok.ru/hotel/russia/western_siberia_irkutsk_oblast_multi/mid13384141/mini_hotel_vizit
hotel_harats_inn,13752679,Двухместный номер Standard (двуспальная кровать),3202302,1,5,двуспальная кровать,"[""двуспальная кровать""]","[""double""]","[{""bed"": ""double"", ""count"": 1}]",2,4903.00,4903.00,https://ostrovok.ru/hotel/russia/western_siberia_irkutsk_oblast_multi/mid13752679/hotel_harats_inn
hotel_harats_inn,13752679,Двухместный номер Superior (двуспальная кровать),3502302,1,2,двуспальная кровать,"[""двуспальная кровать""]","[""double""]","[{""bed"": ""double"", ""count"": 1}]",2,5884.00,5884.00,https://ostrovok.ru/hotel/russia/western_siberia_irkutsk_oblast_multi/mid13752679/hotel_harats_inn
hotel_harats_inn,13752679,Двухместный полулюкс (двуспальная кровать),4002302,1,1,двуспальная кровать,"[""двуспальная кровать""]","[""double""]","[{""bed"": ""double"", ""count"": 1}]",2,6864.00,6864.00,https://ostrovok.ru/hotel/russia/western_siberia_irkutsk_oblast_multi/mid13752679/hotel_harats_inn
green_hotel_,6518006,Двухместный номер Standard (2 отдельные кровати),3202402,3,4,2 отдельные кровати,"[""2 отдельные кровати""]","[""twin""]","[{""bed"": ""single"", ""count"": 2}]",2,3514.00,3946.00,https://ostrovok.ru/hotel/russia/western_siberia_irkutsk_oblast_multi/mid6518006/green_hotel_
green_hotel_,6518006,Двухместный семейный номер Standard (двуспальная кровать) (диван),3202312,4,2,двуспальная кровать,"[""двуспальная кровать""]","[""double""]","[{""bed"": ""double"", ""count"": 1}]",2,4733.00,5193.00,https://ostrovok.ru/hotel/russia/western_siberia_irkutsk_oblast_multi/mid6518006/green_hotel_
green_hotel_,6518006,Одноместный номер Economy,3102001,2,2,,,"[""nobedding""]",,1,4968.00,5225.00,https://ostrovok.ru/hotel/russia/western_siberia_irkutsk_oblast_multi/mid6518006/green_hotel_
green_hotel_,6518006,Двухместный полулюкс (двуспальная кровать) (диван),4002302,4,1,двуспальная кровать,"[""двуспальная кровать""]","[""double""]","[{""bed"": ""double"", ""count"": 1}]",2,5201.00,5717.00,https://ostrovok.ru/hotel/russia/western_siberia_irkutsk_oblast_multi/mid6518006/green_hotel_
green_hotel_,6518006,Двухместный люкс (двуспальная кровать),5002302,3,1,двуспальная кровать,"[""двуспальная кровать""]","[""double""]","[{""bed"": ""double"", ""count"": 1}]",2,5670.00,6144.00,https://ostrovok.ru/hotel/russia/western_siberia_irkutsk_oblast_multi/mid6518006/green_hotel_
alpari,7776573,Двухместный номер Standard с видом на город (двуспальная кровать),32023020005,2,1,двуспальная кровать,"[""двуспальная кровать""]","[""double""]","[{""bed"": ""double"", ""count"": 1}]",2,2373.00,2400.00,https://ostrovok.ru/hotel/russia/western_siberia_irkutsk_oblast_multi/mid7776573/alpari
alpari,7776573,Двухместный номер Standard с видом на город (2 отдельные кровати),32024020005,2,1,2 отдельные кровати,"[""2 отдельные кровати""]","[""twin""]","[{""bed"": ""single"", ""count"": 2}]",2,2373.00,2400.00,https://ostrovok.ru/hotel/russia/western_siberia_irkutsk_oblast_multi/mid7776573/alpari
alpari,7776573,Двухместный полулюкс с видом на город (двуспальная кровать),40023020005,2,1,двуспальная кровать,"[""двуспальная кровать""]","[""double""]","[{""bed"": ""double"", ""count"": 1}]",2,3956.00,4000.00,https://ostrovok.ru/hotel/russia/western_siberia_irkutsk_oblast_multi/mid7776573/alpari
saturn_8,9291161,Двухместный номер Standard (двуспальная кровать) (тип кровати может измениться),3202302,4,3,двуспальная кровать,"[""двуспальная кровать""]","[""double""]","[{""bed"": ""double"", ""count"": 1}]",2,3136.00,3639.00,https://ostrovok.ru/hotel/russia/western_siberia_irkutsk_oblast_multi/mid9291161/saturn_8
saturn_8,9291161,С 2 комнатами,0,4,1,,,"[""nobedding""]",,1,3658.00,4158.00,https://ostrovok.ru/hotel/russia/western_siberia_irkutsk_oblast_multi/mid9291161/saturn_8
saturn_8,9291161,Двухместная студия (двуспальная кровать),7002302,4,2,двуспальная кровать,"[""двуспальная кровать""]","[""double""]","[{""bed"": ""double"", ""count"": 1}]",2,3658.00,4158.00,https://ostrovok.ru/hotel/russia/western_siberia_irkutsk_oblast_multi/mid9291161/saturn_8
hotel_barguzin,10012829,Одноместный семейный номер Standard,3202011,2,2,,,"[""nobedding""]",,3,9895.00,10000.00,https://ostrovok.ru/hotel/russia/western_siberia_irkutsk_oblast_multi/mid10012829/hotel_barguzin
hotel_barguzin,10012829,Четырёхместный номер Standard,3202004,2,2,,,"[""nobedding""]",,4,9895.00,10000.00,https://ostrovok.ru/hotel/russia/western_siberia_irkutsk_oblast_multi/mid10012829/hotel_barguzin
solnechny_guest_house_7,13112614,Двухместный номер Economy (общая ванная комната) (двуспальная кровать),3101302,1,2,двуспальная кровать,"[""двуспальная кровать""]","[""double""]","[{""bed"": ""double"", ""count"": 1}]",2,1182.00,1182.00,https://ostrovok.ru/hotel/russia/western_siberia_irkutsk_oblast_multi/mid13112614/solnechny_guest_house_7
azatai_park_hotel,13757053,Двухместный номер Standard (двуспальная кровать),3202302,1,16,двуспальная кровать,"[""двуспальная кровать""]","[""double""]","[{""bed"": ""double"", ""count"": 1}]",2,14947.00,14947.00,https://ostrovok.ru/hotel/russia/western_siberia_irkutsk_oblast_multi/mid13757053/azatai_park_hotel
azatai_park_hotel,13757053,Двухместный полулюкс Дуплекс (двуспальная кровать),400230200002,1,2,двуспальная кровать,"[""двуспальная кровать""]","[""double""]","[{""bed"": ""double"", ""count"": 1}]",2,18934.00,18934.00,https://ostrovok.ru/hotel/russia/western_siberia_irkutsk_oblast_multi/mid13757053/azatai_park_hotel
azatai_park_hotel,13757053,Люкс с 2 комнатами,500200002,1,1,,,"[""nobedding""]",,1,21924.00,21924.00,https://ostrovok.ru/hotel/russia/western_siberia_irkutsk_oblast_multi/mid13757053/azatai_park_hotel
azatai_park_hotel,13757053,Люкс Premium с 2 комнатами,5A0200002,1,2,,,"[""nobedding""]",,1,21924.00,21924.00,https://ostrovok.ru/hotel/russia/western_siberia_irkutsk_oblast_multi/mid13757053/azatai_park_hotel
azatai_park_hotel,13757053,Семейный номер Standard (в дополнительном здании),320201,1,6,,,"[""nobedding""]",,3,25909.00,25909.00,https://ostrovok.ru/hotel/russia/western_siberia_irkutsk_oblast_multi/mid13757053/azatai_park_hotel
kharbor,11247966,Кровать в общем номере (общая ванная комната) (6 кроватей),1001,2,6,,,"[""nobedding""]",,1,1260.00,1320.00,https://ostrovok.ru/hotel/russia/western_siberia_irkutsk_oblast_multi/mid11247966/kharbor
kharbor,11247966,Двухместный номер Economy (общая ванная комната) (2 отдельные кровати) (диван),3101402,2,1,2 отдельные кровати,"[""2 отдельные кровати""]","[""sofa-bed""]","[{""bed"": ""single"", ""count"": 2}]",2,2061.00,2160.00,https://ostrovok.ru/hotel/russia/western_siberia_irkutsk_oblast_multi/mid11247966/kharbor
kharbor,11247966,Двухместный номер Standard (двуспальная кровать),3202302,2,1,двуспальная кровать,"[""двуспальная кровать""]","[""double""]","[{""bed"": ""double"", ""count"": 1}]",2,2863.00,3000.00,https://ostrovok.ru/hotel/russia/western_siberia_irkutsk_oblast_multi/mid11247966/kharbor
baikal_capsule_hostel,8881125,Кровать в общем номере (общая ванная комната) (8 кроватей),1001,1,7,,,"[""nobedding""]",,1,1196.00,1196.00,https://ostrovok.ru/hotel/russia/western_siberia_irkutsk_oblast_multi/mid8881125/baikal_capsule_hostel
hotel_u_ruchyya,10624282,Двухместный номер Standard с балконом и с красивым видом из окна (общая ванная комната) (2 отдельные кровати),3201402001U,1,1,2 отдельные кровати,"[""2 отдельные кровати""]","[""twin""]","[{""bed"": ""single"", ""count"": 2}]",2,3958.00,3958.00,https://ostrovok.ru/hotel/russia/western_siberia_irkutsk_oblast_multi/mid10624282/hotel_u_ruchyya
hotel_u_ruchyya,10624282,Двухместный номер Economy с балконом и с красивым видом из окна (общая ванная комната) (2 отдельные кровати),3101402001U,1,1,2 отдельные кровати,"[""2 отдельные кровати""]","[""twin""]","[{""bed"": ""single"", ""count"": 2}]",2,4452.00,4452.00,https://ostrovok.ru/hotel/russia/western_siberia_irkutsk_oblast_multi/mid10624282/hotel_u_ruchyya
hotel_u_ruchyya,10624282,Четырёхместный семейный номер Standard с балконом и с красивым видом из окна (общая ванная комната),3201014001U,1,1,,,"[""nobedding""]",,4,7916.00,7916.00,https://ostrovok.ru/hotel/russia/western_siberia_irkutsk_oblast_multi/mid10624282/hotel_u_ruchyya
camping_yelochka_kempinghotel,13868693,Двухместный люкс Superior (двуспальная кровать),5502302,1,7,двуспальная кровать,"[""двуспальная кровать""]","[""double""]","[{""bed"": ""double"", ""count"": 1}]",2,5381.00,5381.00,https://ostrovok.ru/hotel/russia/western_siberia_irkutsk_oblast_multi/mid13868693/camping_yelochka_kempinghotel
camping_yelochka_kempinghotel,13868693,Двухместный люкс (двуспальная кровать),5002302,1,14,двуспальная кровать,"[""двуспальная кровать""]","[""double""]","[{""bed"": ""double"", ""count"": 1}]",2,5381.00,5381.00,https://ostrovok.ru/hotel/russia/western_siberia_irkutsk_oblast_multi/mid13868693/camping_yelochka_kempinghotel
camping_yelochka_kempinghotel,13868693,Номер Superior (в дополнительном здании),3502,1,3,,,"[""nobedding""]",,1,7873.00,7873.00,https://ostrovok.ru/hotel/russia/western_siberia_irkutsk_oblast_multi/mid13868693/camping_yelochka_kempinghotel
camping_yelochka_kempinghotel,13868693,Двухместный люкс с 2 комнатами (двуспальная кровать),500230202,1,2,двуспальная кровать,"[""двуспальная кровать""]","[""double""]","[{""bed"": ""double"", ""count"": 1}]",2,7873.00,7873.00,https://ostrovok.ru/hotel/russia/western_siberia_irkutsk_oblast_multi/mid13868693/camping_yelochka_kempinghotel
camping_yelochka_kempinghotel,13868693,Двухместный люкс Superior с 2 комнатами (двуспальная кровать),550230202,1,2,двуспальная кровать,"[""двуспальная кровать""]","[""double""]","[{""bed"": ""double"", ""count"": 1}]",2,7873.00,7873.00,https://ostrovok.ru/hotel/russia/western_siberia_irkutsk_oblast_multi/mid13868693/camping_yelochka_kempinghotel
camping_yelochka_kempinghotel,13868693,Четырёхместный люкс (2 двуспальные кровати),5002704,1,3,2 двуспальные кровати,"[""2 двуспальные кровати""]","[""nobedding""]","[{""bed"": ""double"", ""count"": 2}]",2,10763.00,10763.00,https://ostrovok.ru/hotel/russia/western_siberia_irkutsk_oblast_multi/mid13868693/camping_yelochka_kempinghotel
meridian_7,6297237,Одноместный номер Standard Plus,3B02001,1,6,,,"[""nobedding""]",,1,4200.00,4200.00,https://ostrovok.ru/hotel/russia/western_siberia_irkutsk_oblast_multi/mid6297237/meridian_7
meridian_7,6297237,Двухместный номер Comfort (двуспальная кровать),3302302,1,0,двуспальная кровать,"[""двуспальная кровать""]","[""double""]","[{""bed"": ""double"", ""count"": 1}]",2,4816.00,4816.00,https://ostrovok.ru/hotel/russia/western_siberia_irkutsk_oblast_multi/mid6297237/meridian_7
meridian_7,6297237,Двухместный люкс (двуспальная кровать),5002302,2,0,двуспальная кровать,"[""двуспальная кровать""]","[""double""]","[{""bed"": ""double"", ""count"": 1}]",2,6350.00,6600.00,https://ostrovok.ru/hotel/russia/western_siberia_irkutsk_oblast_multi/mid6297237/meridian_7
meridian_7,6297237,Двухместный полулюкс (двуспальная кровать) (тип кровати может измениться),4002302,1,2,двуспальная кровать,"[""двуспальная кровать""]","[""double""]","[{""bed"": ""double"", ""count"": 1}]",2,6600.00,6600.00,https://ostrovok.ru/hotel/russia/western_siberia_irkutsk_oblast_multi/mid6297237/meridian_7
meridian_7,6297237,Номер VIP,3602,1,1,,,"[""nobedding""]",,1,8000.00,8000.00,https://ostrovok.ru/hotel/russia/western_siberia_irkutsk_oblast_multi/mid6297237/meridian_7
dom_baykal_guest_house,10151922,Двухместный номер Standard с красивым видом из окна (2 отдельные кровати),3202402000U,2,2,2 отдельные кровати,"[""2 отдельные кровати""]","[""twin""]","[{""bed"": ""single"", ""count"": 2}]",2,3166.00,3200.00,https://ostrovok.ru/hotel/russia/western_siberia_irkutsk_oblast_multi/mid10151922/dom_baykal_guest_house
dom_baykal_guest_house,10151922,Четырёхместный семейный номер Classic с красивым видом из окна,3B02014000U,2,1,,,"[""nobedding""]",,4,4452.00,4500.00,https://ostrovok.ru/hotel/russia/western_siberia_irkutsk_oblast_multi/mid10151922/dom_baykal_guest_house
dom_baykal_guest_house,10151922,Четырёхместный семейный номер Deluxe с красивым видом из окна,3602014000U,2,1,,,"[""nobedding""]",,4,5145.00,5200.00,https://ostrovok.ru/hotel/russia/western_siberia_irkutsk_oblast_multi/mid10151922/dom_baykal_guest_house
dom_baykal_guest_house,10151922,Четырёхместный семейный номер Superior с видом на город,35020140005,2,1,,,"[""nobedding""]",,4,5937.00,6000.00,https://ostrovok.ru/hotel/russia/western_siberia_irkutsk_oblast_multi/mid10151922/dom_baykal_guest_house
olkhonstory_guest_house,8876953,Двухместный номер Standard с балконом (двуспальная кровать),3202302001,2,5,двуспальная кровать,"[""двуспальная кровать""]","[""double""]","[{""bed"": ""double"", ""count"": 1}]",2,6454.00,6500.00,https://ostrovok.ru/hotel/russia/western_siberia_irkutsk_oblast_multi/mid8876953/olkhonstory_guest_house
shelest,8664834,Двухместный номер Standard с красивым видом из окна (2 отдельные кровати),3202402000U,2,5,2 отдельные кровати,"[""2 отдельные кровати""]","[""twin""]","[{""bed"": ""single"", ""count"": 2}]",2,4908.00,4960.00,https://ostrovok.ru/hotel/russia/western_siberia_irkutsk_oblast_multi/mid8664834/shelest
shelest,8664834,Двухместный номер Standard с красивым видом из окна (двуспальная кровать),3202302000U,2,2,двуспальная кровать,"[""двуспальная кровать""]","[""double""]","[{""bed"": ""double"", ""count"": 1}]",2,4908.00,4960.00,https://ostrovok.ru/hotel/russia/western_siberia_irkutsk_oblast_multi/mid8664834/shelest
hotel_olimpiada,10440808,"Кровать в общем номере (общая ванная комната) (без окна, 4 кровати)",1001,4,12,,,"[""nobedding""]",,1,847.00,4766.00,https://ostrovok.ru/hotel/russia/western_siberia_irkutsk_oblast_multi/mid10440808/hotel_olimpiada
hotel_olimpiada,10440808,Одноместный номер + Standard (общая ванная комната),3201011,1,3,,,"[""nobedding""]",,1,1799.00,1799.00,https://ostrovok.ru/hotel/russia/western_siberia_irkutsk_oblast_multi/mid10440808/hotel_olimpiada
hotel_olimpiada,10440808,Двухместный номер + Comfort (двуспальная кровать),3302312,1,1,двуспальная кровать,"[""двуспальная кровать""]","[""double""]","[{""bed"": ""double"", ""count"": 1}]",2,3706.00,3706.00,https://ostrovok.ru/hotel/russia/western_siberia_irkutsk_oblast_multi/mid10440808/hotel_olimpiada
hotel_olimpiada,10440808,Двухместный люкс (двуспальная кровать),5002302,1,1,двуспальная кровать,"[""двуспальная кровать""]","[""double""]","[{""bed"": ""double"", ""count"": 1}]",2,5823.00,5823.00,https://ostrovok.ru/hotel/russia/western_siberia_irkutsk_oblast_multi/mid10440808/hotel_olimpiada
hotel_olimpiada,10440808,Люкс семейный,5B02,1,1,,,"[""nobedding""]",,3,6356.00,6356.00,https://ostrovok.ru/hotel/russia/western_siberia_irkutsk_oblast_multi/mid10440808/hotel_olimpiada
smart_hotel_kdo_irkutsk_hotel,10153381,Кровать в общем номере (общая ванная комната) (4 кровати),1001,7,1,,,"[""nobedding""]",,1,1699.00,2305.00,https://ostrovok.ru/hotel/russia/western_siberia_irkutsk_oblast_multi/mid10153381/smart_hotel_kdo_irkutsk_hotel
smart_hotel_kdo_irkutsk_hotel,10153381,Трёхместный номер Economy (общая ванная комната),3101003,1,2,,,"[""nobedding""]",,3,4303.00,4303.00,https://ostrovok.ru/hotel/russia/western_siberia_irkutsk_oblast_multi/mid10153381/smart_hotel_kdo_irkutsk_hotel
gloria_20,8854283,Одноместный номер Standard,3202001,1,1,,,"[""nobedding""]",,1,6524.00,6524.00,https://ostrovok.ru/hotel/russia/western_siberia_irkutsk_oblast_multi/mid8854283/gloria_20
hotelclub_ice,9679208,Шале,B002,1,2,,,"[""nobedding""]",,1,12543.00,12543.00,https://ostrovok.ru/hotel/russia/western_siberia_irkutsk_oblast_multi/mid9679208/hotelclub_ice
olkhon_2,13368018,Трёхместный номер Standard (3 отдельные кровати) (в дополнительном здании),3202703,1,16,3 отдельные кровати,"[""3 отдельные кровати""]","[""nobedding""]","[{""bed"": ""single"", ""count"": 3}]",3,5480.00,5480.00,https://ostrovok.ru/hotel/russia/western_siberia_irkutsk_oblast_multi/mid13368018/olkhon_2
olkhon_2,13368018,Двухместный номер Economy (2 отдельные кровати) (в дополнительном здании),3102402,1,9,2 отдельные кровати,"[""2 отдельные кровати""]","[""twin""]","[{""bed"": ""single"", ""count"": 2}]",2,5480.00,5480.00,https://ostrovok.ru/hotel/russia/western_siberia_irkutsk_oblast_multi/mid13368018/olkhon_2
olkhon_2,13368018,Трёхместное бунгало Superior (3 отдельные кровати) (в дополнительном здании),A502703,1,9,3 отдельные кровати,"[""3 отдельные кровати""]","[""nobedding""]","[{""bed"": ""single"", ""count"": 3}]",3,5480.00,5480.00,https://ostrovok.ru/hotel/russia/western_siberia_irkutsk_oblast_multi/mid13368018/olkhon_2
olkhon_2,13368018,"Двухместное бунгало Premium (двуспальная кровать) (тип кровати может измениться, в дополнительном здании)",AA02302,1,3,двуспальная кровать,"[""двуспальная кровать""]","[""double""]","[{""bed"": ""double"", ""count"": 1}]",2,6478.00,6478.00,https://ostrovok.ru/hotel/russia/western_siberia_irkutsk_oblast_multi/mid13368018/olkhon_2
gostevoy_dom_holiday_park_on_olkhon,10014649,Двухместный номер Standard (2 отдельные кровати),3202402,2,4,2 отдельные кровати,"[""2 отдельные кровати""]","[""twin""]","[{""bed"": ""single"", ""count"": 2}]",2,4507.00,4560.00,https://ostrovok.ru/hotel/russia/western_siberia_irkutsk_oblast_multi/mid10014649/gostevoy_dom_holiday_park_on_olkhon
gostevoy_dom_holiday_park_on_olkhon,10014649,Двухместный номер Superior (2 отдельные кровати),3502402,2,2,2 отдельные кровати,"[""2 отдельные кровати""]","[""twin""]","[{""bed"": ""single"", ""count"": 2}]",2,5165.00,5225.00,https://ostrovok.ru/hotel/russia/western_siberia_irkutsk_oblast_multi/mid10014649/gostevoy_dom_holiday_park_on_olkhon
nochleg_i_zavtrak_bb_shambala,10012287,Двухместный номер Standard с видом на озеро (2 отдельные кровати),3202402000D,1,3,2 отдельные кровати,"[""2 отдельные кровати""]","[""twin""]","[{""bed"": ""single"", ""count"": 2}]",2,8407.00,8407.00,https://ostrovok.ru/hotel/russia/western_siberia_irkutsk_oblast_multi/mid10012287/nochleg_i_zavtrak_bb_shambala
hotel_dacha_baikaleco,10010618,Бунгало,A002,1,4,,,"[""nobedding""]",,1,12000.00,12000.00,https://ostrovok.ru/hotel/russia/western_siberia_irkutsk_oblast_multi/mid10010618/hotel_dacha_baikaleco
hotel_dacha_baikaleco,10010618,Барнхаус,9002,1,3,,,"[""nobedding""]",,1,16000.00,16000.00,https://ostrovok.ru/hotel/russia/western_siberia_irkutsk_oblast_multi/mid10010618/hotel_dacha_baikaleco
rumyantseva_6_apartments,10172724,Студия,7002,2,0,,,"[""nobedding""]",,1,3523.00,4605.00,https://ostrovok.ru/hotel/russia/western_siberia_irkutsk_oblast_multi/mid10172724/rumyantseva_6_apartments
less_guest_house,11308288,Двухместный номер Standard с красивым видом из окна (двуспальная кровать) (кровать king size),3202302000U,2,4,двуспальная кровать,"[""двуспальная кровать""]","[""double""]","[{""bed"": ""double"", ""count"": 1}]",2,10785.00,10900.00,https://ostrovok.ru/hotel/russia/western_siberia_irkutsk_oblast_multi/mid11308288/less_guest_house
less_guest_house,11308288,Двухместный номер Standard с видом на горы (2 отдельные кровати),3202402000F,2,1,2 отдельные кровати,"[""2 отдельные кровати""]","[""twin""]","[{""bed"": ""single"", ""count"": 2}]",2,10785.00,10900.00,https://ostrovok.ru/hotel/russia/western_siberia_irkutsk_oblast_multi/mid11308288/less_guest_house
less_guest_house,11308288,VIP дом,9002,1,1,,,"[""nobedding""]",,1,24738.00,24738.00,https://ostrovok.ru/hotel/russia/western_siberia_irkutsk_oblast_multi/mid11308288/less_guest_house
parus_18,9996236,Двухместный номер Standard (2 отдельные кровати),3202402,1,2,2 отдельные кровати,"[""2 отдельные кровати""]","[""twin""]","[{""bed"": ""single"", ""count"": 2}]",2,6891.00,6891.00,https://ostrovok.ru/hotel/russia/western_siberia_irkutsk_oblast_multi/mid9996236/parus_18
parus_18,9996236,Двухместный номер Classic (двуспальная кровать) (тип кровати может измениться),3B02302,1,2,двуспальная кровать,"[""двуспальная кровать""]","[""double""]","[{""bed"": ""double"", ""count"": 1}]",2,7990.00,7990.00,https://ostrovok.ru/hotel/russia/western_siberia_irkutsk_oblast_multi/mid9996236/parus_18
parus_18,9996236,Четырёхместный номер Standard с 2 комнатами с красивым видом из окна,3202004020U,1,1,,,"[""nobedding""]",,4,13783.00,13783.00,https://ostrovok.ru/hotel/russia/western_siberia_irkutsk_oblast_multi/mid9996236/parus_18
bajkalskie_sezonyi,9992857,Двухместный номер Standard (двуспальная кровать),3202302,2,9,двуспальная кровать,"[""двуспальная кровать""]","[""double""]","[{""bed"": ""double"", ""count"": 1}]",2,11478.00,11600.00,https://ostrovok.ru/hotel/russia/western_siberia_irkutsk_oblast_multi/mid9992857/bajkalskie_sezonyi
bajkalskie_sezonyi,9992857,Двухместный люкс (двуспальная кровать) (диван),5002302,2,1,двуспальная кровать,"[""двуспальная кровать""]","[""double""]","[{""bed"": ""double"", ""count"": 1}]",2,18405.00,18600.00,https://ostrovok.ru/hotel/russia/western_siberia_irkutsk_oblast_multi/mid9992857/bajkalskie_sezonyi
bajkalskie_sezonyi,9992857,Двухместное бунгало (двуспальная кровать),A002302,2,3,двуспальная кровать,"[""двуспальная кровать""]","[""double""]","[{""bed"": ""double"", ""count"": 1}]",2,20384.00,20600.00,https://ostrovok.ru/hotel/russia/western_siberia_irkutsk_oblast_multi/mid9992857/bajkalskie_sezonyi
bajkalskie_sezonyi,9992857,Двухместный коттедж (двуспальная кровать),9002302,2,2,двуспальная кровать,"[""двуспальная кровать""]","[""double""]","[{""bed"": ""double"", ""count"": 1}]",2,23352.00,23600.00,https://ostrovok.ru/hotel/russia/western_siberia_irkutsk_oblast_multi/mid9992857/bajkalskie_sezonyi
bajkalskie_sezonyi,9992857,Коттедж с 3 комнатами,900200003,2,1,,,"[""nobedding""]",,1,41718.00,42160.00,https://ostrovok.ru/hotel/russia/western_siberia_irkutsk_oblast_multi/mid9992857/bajkalskie_sezonyi
gostinitsa_undina,9079103,Полулюкс,4002,1,1,,,"[""nobedding""]",,1,21373.00,21373.00,https://ostrovok.ru/hotel/russia/western_siberia_irkutsk_oblast_multi/mid9079103/gostinitsa_undina
gostinitsa_undina,9079103,Люкс,5002,1,1,,,"[""nobedding""]",,1,27310.00,27310.00,https://ostrovok.ru/hotel/russia/western_siberia_irkutsk_oblast_multi/mid9079103/gostinitsa_undina
tengis_park_hotel,11311730,Коттедж c 1 комнатой с красивым видом из окна,9002000010U,1,2,,,"[""nobedding""]",,1,15925.00,15925.00,https://ostrovok.ru/hotel/russia/western_siberia_irkutsk_oblast_multi/mid11311730/tengis_park_hotel
tengis_park_hotel,11311730,Коттедж с 2 комнатами с красивым видом из окна,9002000020U,1,7,,,"[""nobedding""]",,1,26162.00,26162.00,https://ostrovok.ru/hotel/russia/western_siberia_irkutsk_oblast_multi/mid11311730/tengis_park_hotel
arena_g_irkutsk,8491921,Одноместный номер Superior (общая ванная комната),3501001,2,6,,,"[""nobedding""]",,1,3128.00,3200.00,https://ostrovok.ru/hotel/russia/western_siberia_irkutsk_oblast_multi/mid8491921/arena_g_irkutsk
arena_g_irkutsk,8491921,Двухместный номер Superior (общая ванная комната) (2 отдельные кровати),3501402,2,6,2 отдельные кровати,"[""2 отдельные кровати""]","[""twin""]","[{""bed"": ""single"", ""count"": 2}]",2,4398.00,4500.00,https://ostrovok.ru/hotel/russia/western_siberia_irkutsk_oblast_multi/mid8491921/arena_g_irkutsk
arena_g_irkutsk,8491921,Двухместный семейный номер Standard с видом на город (двуспальная кровать) (диван),32023120005,2,5,двуспальная кровать,"[""двуспальная кровать""]","[""double""]","[{""bed"": ""double"", ""count"": 1}]",2,5937.00,6000.00,https://ostrovok.ru/hotel/russia/western_siberia_irkutsk_oblast_multi/mid8491921/arena_g_irkutsk
baza_otdykha_village_hvoy,11339142,Двухместный номер Standard (двуспальная кровать),3202302,2,2,двуспальная кровать,"[""двуспальная кровать""]","[""double""]","[{""bed"": ""double"", ""count"": 1}]",2,8173.00,8260.00,https://ostrovok.ru/hotel/russia/western_siberia_irkutsk_oblast_multi/mid11339142/baza_otdykha_village_hvoy
baza_otdykha_village_hvoy,11339142,Семейный номер Classic,3B0201,2,2,,,"[""nobedding""]",,3,14011.00,14160.00,https://ostrovok.ru/hotel/russia/western_siberia_irkutsk_oblast_multi/mid11339142/baza_otdykha_village_hvoy
baza_otdykha_village_hvoy,11339142,Люкс Дуплекс,500200000002,2,2,,,"[""nobedding""]",,1,17514.00,17700.00,https://ostrovok.ru/hotel/russia/western_siberia_irkutsk_oblast_multi/mid11339142/baza_otdykha_village_hvoy
baza_otdykha_village_hvoy,11339142,Апартаменты Дуплекс,600200000002,2,2,,,"[""nobedding""]",,1,19849.00,20060.00,https://ostrovok.ru/hotel/russia/western_siberia_irkutsk_oblast_multi/mid11339142/baza_otdykha_village_hvoy
arena_on_sverdlov,10153554,Одноместный номер Economy (односпальная кровать) (в дополнительном здании),3102201,1,5,односпальная кровать,"[""односпальная кровать""]","[""nobedding""]","[{""bed"": ""single"", ""count"": 1}]",1,3188.00,3188.00,https://ostrovok.ru/hotel/russia/western_siberia_irkutsk_oblast_multi/mid10153554/arena_on_sverdlov
arena_on_sverdlov,10153554,Двухместный номер Economy (2 отдельные кровати) (в главном здании),3102402,1,6,2 отдельные кровати,"[""2 отдельные кровати""]","[""twin""]","[{""bed"": ""single"", ""count"": 2}]",2,4484.00,4484.00,https://ostrovok.ru/hotel/russia/western_siberia_irkutsk_oblast_multi/mid10153554/arena_on_sverdlov
arena_on_sverdlov,10153554,Номер Economy (в дополнительном здании),3102,1,8,,,"[""nobedding""]",,1,7672.00,7672.00,https://ostrovok.ru/hotel/russia/western_siberia_irkutsk_oblast_multi/mid10153554/arena_on_sverdlov
gostinitsa_ustilim,7026078,Одноместный номер Эконом (общая ванная комната),3101001,1,2,,,"[""nobedding""]",,1,1073.00,1073.00,https://ostrovok.ru/hotel/russia/western_siberia_irkutsk_oblast_multi/mid7026078/gostinitsa_ustilim
gostinitsa_ustilim,7026078,Двухместный номер Эконом (общая ванная комната) (2 отдельные кровати),3101402,1,0,2 отдельные кровати,"[""2 отдельные кровати""]","[""twin""]","[{""bed"": ""single"", ""count"": 2}]",2,2123.00,2123.00,https://ostrovok.ru/hotel/russia/western_siberia_irkutsk_oblast_multi/mid7026078/gostinitsa_ustilim
gostinitsa_ustilim,7026078,Одноместный номер Стандарт,3202001,1,0,,,"[""nobedding""]",,1,4224.00,4224.00,https://ostrovok.ru/hotel/russia/western_siberia_irkutsk_oblast_multi/mid7026078/gostinitsa_ustilim
gostinitsa_ustilim,7026078,Одноместный номер Улучшенный стандарт,3502001,1,0,,,"[""nobedding""]",,1,4855.00,4855.00,https://ostrovok.ru/hotel/russia/western_siberia_irkutsk_oblast_multi/mid7026078/gostinitsa_ustilim
gostinitsa_ustilim,7026078,Одноместный номер Улучшенный комфорт,3402001,1,0,,,"[""nobedding""]",,1,6325.00,6325.00,https://ostrovok.ru/hotel/russia/western_siberia_irkutsk_oblast_multi/mid7026078/gostinitsa_ustilim
gostinitsa_ustilim,7026078,Двухместный люкс (двуспальная кровать),5002302,1,0,двуспальная кровать,"[""двуспальная кровать""]","[""double""]","[{""bed"": ""double"", ""count"": 1}]",2,9581.00,9581.00,https://ostrovok.ru/hotel/russia/western_siberia_irkutsk_oblast_multi/mid7026078/gostinitsa_ustilim
gostinitsa_ustilim,7026078,Двухместный люкс Superior (двуспальная кровать),5502302,1,0,двуспальная кровать,"[""двуспальная кровать""]","[""double""]","[{""bed"": ""double"", ""count"": 1}]",2,9581.00,9581.00,https://ostrovok.ru/hotel/russia/western_siberia_irkutsk_oblast_multi/mid7026078/gostinitsa_ustilim
gostinitsa_ustilim,7026078,Одноместный номер Комфорт,3302001,1,1,,,"[""nobedding""]",,1,9767.00,9767.00,https://ostrovok.ru/hotel/russia/western_siberia_irkutsk_oblast_multi/mid7026078/gostinitsa_ustilim
hotel_baikal_best_edelweiss,9991110,Двухместный номер Эконом Стандарт (двуспальная кровать),3102302,2,1,двуспальная кровать,"[""двуспальная кровать""]","[""double""]","[{""bed"": ""double"", ""count"": 1}]",2,5145.00,5344.00,https://ostrovok.ru/hotel/russia/western_siberia_irkutsk_oblast_multi/mid9991110/hotel_baikal_best_edelweiss
hotel_baikal_best_edelweiss,9991110,Двухместный номер (2 отдельные кровати),3202402,1,1,2 отдельные кровати,"[""2 отдельные кровати""]","[""twin""]","[{""bed"": ""single"", ""count"": 2}]",2,5442.00,5442.00,https://ostrovok.ru/hotel/russia/western_siberia_irkutsk_oblast_multi/mid9991110/hotel_baikal_best_edelweiss
hotel_baikal_best_edelweiss,9991110,Двухместный номер с диваном (2 отдельные кровати),32024021,1,3,2 отдельные кровати,"[""2 отдельные кровати""]","[""twin""]","[{""bed"": ""single"", ""count"": 2}]",2,5937.00,5937.00,https://ostrovok.ru/hotel/russia/western_siberia_irkutsk_oblast_multi/mid9991110/hotel_baikal_best_edelweiss
hotel_baikal_best_edelweiss,9991110,Двухместный номер с диваном (двуспальная кровать),32023021,1,1,двуспальная кровать,"[""двуспальная кровать""]","[""double""]","[{""bed"": ""double"", ""count"": 1}]",2,6431.00,6431.00,https://ostrovok.ru/hotel/russia/western_siberia_irkutsk_oblast_multi/mid9991110/hotel_baikal_best_edelweiss
hotel_baikal_best_edelweiss,9991110,Трёхместный номер,3202003,1,1,,,"[""nobedding""]",,3,7124.00,7124.00,https://ostrovok.ru/hotel/russia/western_siberia_irkutsk_oblast_multi/mid9991110/hotel_baikal_best_edelweiss
hotel_baikal_best_edelweiss,9991110,Четырёхместный номер семейный с 2 комнатами,320201402,1,1,,,"[""nobedding""]",,4,8311.00,8311.00,https://ostrovok.ru/hotel/russia/western_siberia_irkutsk_oblast_multi/mid9991110/hotel_baikal_best_edelweiss
hotel_baikal_best_edelweiss,9991110,Пятиместный номер семейный с 2 комнатами,320201502,1,1,,,"[""nobedding""]",,3,9499.00,9499.00,https://ostrovok.ru/hotel/russia/western_siberia_irkutsk_oblast_multi/mid9991110/hotel_baikal_best_edelweiss
hotel_baikal_best_edelweiss,9991110,"Двухместный люкс с диваном c 1 комнатой (двуспальная кровать) (тип кровати может измениться, в главном здании)",500230211,1,1,двуспальная кровать,"[""двуспальная кровать""]","[""double""]","[{""bed"": ""double"", ""count"": 1}]",2,12630.00,12630.00,https://ostrovok.ru/hotel/russia/western_siberia_irkutsk_oblast_multi/mid9991110/hotel_baikal_best_edelweiss
trakstop_38_2,10669986,Двухместный номер Superior с красивым видом из окна (2 отдельные кровати),3502402000U,1,2,2 отдельные кровати,"[""2 отдельные кровати""]","[""twin""]","[{""bed"": ""single"", ""count"": 2}]",2,5194.00,5194.00,https://ostrovok.ru/hotel/russia/western_siberia_irkutsk_oblast_multi/mid10669986/trakstop_38_2
trakstop_38_2,10669986,Люкс с 2 комнатами,500200002,1,1,,,"[""nobedding""]",,1,9647.00,9647.00,https://ostrovok.ru/hotel/russia/western_siberia_irkutsk_oblast_multi/mid10669986/trakstop_38_2
zvezda_kochevnika,6761987,Двухместный номер Standard (двуспальная кровать),3202302,3,31,двуспальная кровать,"[""двуспальная кровать""]","[""double""]","[{""bed"": ""double"", ""count"": 1}]",2,9400.00,11305.00,https://ostrovok.ru/hotel/russia/western_siberia_irkutsk_oblast_multi/mid6761987/zvezda_kochevnika
zvezda_kochevnika,6761987,Трёхместный номер Standard,3202003,3,8,,,"[""nobedding""]",,3,9400.00,11305.00,https://ostrovok.ru/hotel/russia/western_siberia_irkutsk_oblast_multi/mid6761987/zvezda_kochevnika
zvezda_kochevnika,6761987,Двухместный номер Standard (2 отдельные кровати),3202402,2,31,2 отдельные кровати,"[""2 отдельные кровати""]","[""twin""]","[{""bed"": ""single"", ""count"": 2}]",2,10059.00,11305.00,https://ostrovok.ru/hotel/russia/western_siberia_irkutsk_oblast_multi/mid6761987/zvezda_kochevnika
zvezda_kochevnika,6761987,Трёхместный семейный номер Deluxe,3602013,3,8,,,"[""nobedding""]",,3,12863.00,15010.00,https://ostrovok.ru/hotel/russia/western_siberia_irkutsk_oblast_multi/mid6761987/zvezda_kochevnika
planeta_9,8850641,Двухместный номер Standard (2 отдельные кровати),3202402,2,2,2 отдельные кровати,"[""2 отдельные кровати""]","[""twin""]","[{""bed"": ""single"", ""count"": 2}]",2,2989.00,3239.00,https://ostrovok.ru/hotel/russia/western_siberia_irkutsk_oblast_multi/mid8850641/planeta_9
planeta_9,8850641,Двухместный номер Standard (двуспальная кровать),3202302,2,2,двуспальная кровать,"[""двуспальная кровать""]","[""double""]","[{""bed"": ""double"", ""count"": 1}]",2,2989.00,3239.00,https://ostrovok.ru/hotel/russia/western_siberia_irkutsk_oblast_multi/mid8850641/planeta_9
planeta_9,8850641,Двухместный полулюкс (двуспальная кровать),4002302,2,3,двуспальная кровать,"[""двуспальная кровать""]","[""double""]","[{""bed"": ""double"", ""count"": 1}]",2,3488.00,3739.00,https://ostrovok.ru/hotel/russia/western_siberia_irkutsk_oblast_multi/mid8850641/planeta_9
planeta_9,8850641,Двухместный люкс (двуспальная кровать),5002302,2,2,двуспальная кровать,"[""двуспальная кровать""]","[""double""]","[{""bed"": ""double"", ""count"": 1}]",2,4983.00,5233.00,https://ostrovok.ru/hotel/russia/western_siberia_irkutsk_oblast_multi/mid8850641/planeta_9
mir_baykala_hotel,10219071,Двухместный номер Superior (2 отдельные кровати) (в дополнительном здании),3502402,1,15,2 отдельные кровати,"[""2 отдельные кровати""]","[""twin""]","[{""bed"": ""single"", ""count"": 2}]",2,13952.00,13952.00,https://ostrovok.ru/hotel/russia/western_siberia_irkutsk_oblast_multi/mid10219071/mir_baykala_hotel
home_hotel_apartments_home_wanted_on_piskunov_street,11232250,Апартаменты c 1 комнатой,600200001,1,1,,,"[""nobedding""]",,1,3433.00,3433.00,https://ostrovok.ru/hotel/russia/western_siberia_irkutsk_oblast_multi/mid11232250/home_hotel_apartments_home_wanted_on_piskunov_street
home_hotel_apartments_home_wanted_on_piskunov_street,11232250,Студия,7002,1,1,,,"[""nobedding""]",,1,3433.00,3433.00,https://ostrovok.ru/hotel/russia/western_siberia_irkutsk_oblast_multi/mid11232250/home_hotel_apartments_home_wanted_on_piskunov_street
gostevoy_dom_isiger_baikal,11254237,Семейный номер Classic с красивым видом из окна,3B02010000U,1,2,,,"[""nobedding""]",,3,7025.00,7025.00,https://ostrovok.ru/hotel/russia/western_siberia_irkutsk_oblast_multi/mid11254237/gostevoy_dom_isiger_baikal
komilfo_2,9768630,Номер № 5,3402,2,1,,,"[""nobedding""]",,1,4947.00,5000.00,https://ostrovok.ru/hotel/russia/western_siberia_irkutsk_oblast_multi/mid9768630/komilfo_2
komilfo_2,9768630,Номер № 4 Трехкомнатный,360200003,2,1,,,"[""nobedding""]",,1,4947.00,5000.00,https://ostrovok.ru/hotel/russia/western_siberia_irkutsk_oblast_multi/mid9768630/komilfo_2
komilfo_2,9768630,Номер № 1 Двухкомнатный,370200002,2,1,,,"[""nobedding""]",,1,4947.00,5000.00,https://ostrovok.ru/hotel/russia/western_siberia_irkutsk_oblast_multi/mid9768630/komilfo_2
komilfo_2,9768630,Номер Однокомнатный № 14,3202,1,2,,,"[""nobedding""]",,1,5294.00,5294.00,https://ostrovok.ru/hotel/russia/western_siberia_irkutsk_oblast_multi/mid9768630/komilfo_2
glemping_hygge_barn,11337901,Коттедж с 2 комнатами с красивым видом из окна,9002000020U,2,1,,,"[""nobedding""]",,1,13358.00,13500.00,https://ostrovok.ru/hotel/russia/western_siberia_irkutsk_oblast_multi/mid11337901/glemping_hygge_barn
spektr_2,8854293,Одноместный номер Economy (односпальная кровать) (тип кровати может измениться),3102201,1,2,односпальная кровать,"[""односпальная кровать""]","[""nobedding""]","[{""bed"": ""single"", ""count"": 1}]",1,2790.00,2790.00,https://ostrovok.ru/hotel/russia/western_siberia_irkutsk_oblast_multi/mid8854293/spektr_2
spektr_2,8854293,Двухместный номер Economy (2 отдельные кровати) (тип кровати может измениться),3102402,1,4,2 отдельные кровати,"[""2 отдельные кровати""]","[""twin""]","[{""bed"": ""single"", ""count"": 2}]",2,4864.00,4864.00,https://ostrovok.ru/hotel/russia/western_siberia_irkutsk_oblast_multi/mid8854293/spektr_2
izumrud_hotel_7,13287135,Номер Standard,3202,2,1,,,"[""nobedding""]",,1,3706.00,4267.00,https://ostrovok.ru/hotel/russia/western_siberia_irkutsk_oblast_multi/mid13287135/izumrud_hotel_7
izumrud_hotel_7,13287135,Номер Superior,3502,2,1,,,"[""nobedding""]",,1,5294.00,5855.00,https://ostrovok.ru/hotel/russia/western_siberia_irkutsk_oblast_multi/mid13287135/izumrud_hotel_7
baykkalina_guest_house,10011069,Коттедж Comfort,9302,2,1,,,"[""nobedding""]",,1,7916.00,8000.00,https://ostrovok.ru/hotel/russia/western_siberia_irkutsk_oblast_multi/mid10011069/baykkalina_guest_house
baykkalina_guest_house,10011069,Коттедж Superior,9502,2,1,,,"[""nobedding""]",,1,7916.00,8000.00,https://ostrovok.ru/hotel/russia/western_siberia_irkutsk_oblast_multi/mid10011069/baykkalina_guest_house
pekin_hotel,13730320,Двухместный номер Standard (двуспальная кровать) (тип кровати может измениться),3202302,1,70,двуспальная кровать,"[""двуспальная кровать""]","[""double""]","[{""bed"": ""double"", ""count"": 1}]",2,5656.00,5656.00,https://ostrovok.ru/hotel/russia/western_siberia_irkutsk_oblast_multi/mid13730320/pekin_hotel
pekin_hotel,13730320,Двухместный полулюкс (двуспальная кровать),4002302,1,5,двуспальная кровать,"[""двуспальная кровать""]","[""double""]","[{""bed"": ""double"", ""count"": 1}]",2,6506.00,6506.00,https://ostrovok.ru/hotel/russia/western_siberia_irkutsk_oblast_multi/mid13730320/pekin_hotel
hotel_sayany,10074751,Кровать в общем номере (женский номер) (общая ванная комната) (3 кровати),1021,1,1,,,"[""nobedding""]",,1,1275.00,1275.00,https://ostrovok.ru/hotel/russia/western_siberia_irkutsk_oblast_multi/mid10074751/hotel_sayany
hotel_sayany,10074751,Кровать в общем номере (мужской номер) (общая ванная комната) (2 кровати),1011,1,1,,,"[""nobedding""]",,1,1275.00,1275.00,https://ostrovok.ru/hotel/russia/western_siberia_irkutsk_oblast_multi/mid10074751/hotel_sayany
hotel_sayany,10074751,Одноместный номер Standard (общая ванная комната) (односпальная кровать),3201201,1,1,односпальная кровать,"[""односпальная кровать""]","[""nobedding""]","[{""bed"": ""single"", ""count"": 1}]",1,1471.00,1471.00,https://ostrovok.ru/hotel/russia/western_siberia_irkutsk_oblast_multi/mid10074751/hotel_sayany
hotel_sayany,10074751,Двухместный номер Standard (двуспальная кровать),3202302,1,3,двуспальная кровать,"[""двуспальная кровать""]","[""double""]","[{""bed"": ""double"", ""count"": 1}]",2,2256.00,2256.00,https://ostrovok.ru/hotel/russia/western_siberia_irkutsk_oblast_multi/mid10074751/hotel_sayany
hotel_sayany,10074751,Двухместный номер Superior (двуспальная кровать),3502302,1,2,двуспальная кровать,"[""двуспальная кровать""]","[""double""]","[{""bed"": ""double"", ""count"": 1}]",2,2941.00,2941.00,https://ostrovok.ru/hotel/russia/western_siberia_irkutsk_oblast_multi/mid10074751/hotel_sayany
hotel_sayany,10074751,Трёхместный семейный номер Standard (двуспальная кровать и односпальная кровать),3202713,1,1,двуспальная кровать и односпальная кровать,"[""двуспальная кровать"", ""односпальная кровать""]","[""double""]","[{""bed"": ""double"", ""count"": 1}, {""bed"": ""single"", ""count"": 1}]",2,3433.00,3433.00,https://ostrovok.ru/hotel/russia/western_siberia_irkutsk_oblast_multi/mid10074751/hotel_sayany
hotel_baikal_krai,13918062,Коттедж Superior (в дополнительном здании),9502,1,1,,,"[""nobedding""]",,1,7274.00,7274.00,https://ostrovok.ru/hotel/russia/western_siberia_irkutsk_oblast_multi/mid13918062/hotel_baikal_krai
