ota_hotel_id,name,date,rooms_num,free_rooms_amount,max_capacity,available_rooms_percent,min_price
angara_hotel,Ангара Отель,2026-08-16,300,58,109,19.33,5250.00
ibis_irkutsk_center,Отель Ибис Иркутск Центр,2026-08-16,128,10,20,7.81,8250.00
azimut_aeroport_irkutsk_hotel,AZIMUT Отель Аэропорт Иркутск 4*,2026-08-16,100,46,92,46.0,7500.00
rus_hotel_irkutsk,Гостиничный Комплекс Русь,2026-08-16,56,24,47,42.86,3640.00
hotel_nuur_hotel,Отель Nuur Hotel,2026-08-16,28,1,2,3.57,16000.00
klubnyij_kvartal_apartments,Клубный Квартал,2026-08-16,67,18,18,26.87,3500.00
hotel_harats_inn,Отель Harat's inn,2026-08-16,12,9,18,75.0,5440.00
hotel_dacha_baikaleco,Семейный отель Дача БайкалЭко,2026-08-16,10,3,3,30.0,14250.00
tajga_hotel,Отель Тайга,2026-08-16,44,1,2,2.27,10000.00
gostevoy_dom_holiday_park_on_olkhon,Holiday park on Olkhon,2026-08-16,0,2,4,100.0,4320.00
bolshoe_puteshestvie_hotel,Кемпинг Отель Ольхон,2026-08-16,10,8,22,80.0,3953.00
evropa_hotel,Отель Европа,2026-08-16,58,18,35,31.03,5760.00
hotel_nataly_2,Отель Натали,2026-08-16,12,4,7,33.33,3800.00
miniotel_good_hotel,Мини-Отель Good Hotel,2026-08-16,6,2,4,33.33,2200.00
bajkal_hotel,Отель Байкал,2026-08-16,72,5,10,6.94,13500.00
wind_lake_guest_house,Wind Lake,2026-08-16,15,7,9,46.67,16617.00
hotel_premium_hotel_pushkin,Премиум-отель Пушкин,2026-08-16,46,32,64,69.57,17100.00
dohodnyij_dom_listratvoj_butikhotel,Отель Доходный дом Листратовой,2026-08-16,15,11,16,73.33,5167.05
lyuks_hotel_4,Отель Люкс,2026-08-16,15,6,12,40.0,2473.00
tikhaya_gavan_4,"Отель ""Тихая Гавань""",2026-08-16,12,4,10,33.33,4650.00
otel_irkut,Отель Иркут,2026-08-16,30,13,25,43.33,4050.00
empire_hotel_3,Гостиница Империя,2026-08-16,49,11,19,22.45,4900.00
apartamentyi_v_irkutske,Меблированные комнаты в Иркутске,2026-08-16,0,1,2,100.0,2077.00
hotel_nikola_2,Отель Никола,2026-08-16,27,9,18,33.33,7706.00
burduguz_hotel_2,Парк-Отель Бурдугуз,2026-08-16,69,9,18,13.04,16575.00
momant_house_recreation_camp,Momant house,2026-08-16,0,3,10,100.0,5937.00
hotel_olkhonhill,Отель Olkhon-hill,2026-08-16,17,13,26,76.47,6500.00
baza_otdykha_village_hvoy,Вилладж Хвоя,2026-08-16,0,1,1,100.0,21017.00
praskovya_guest_house,Отель Прасковья,2026-08-16,12,8,10,66.67,1979.00
miniotel_medveditsa,Меблированные комнаты Медведица,2026-08-16,0,9,17,100.0,4660.00
inn_business_hall,Отель Business Hall,2026-08-16,18,10,19,55.56,3790.00
guest_house_baykaliya,Байкалия,2026-08-16,0,1,2,100.0,7916.00
aura_baykala_guest_house,Аура Байкала,2026-08-16,0,4,4,100.0,5937.00
baykal_khan_listvyanka,Отель Байкал Хан п.Листвянка,2026-08-16,18,9,23,50.0,8340.00
aristokrat_hotel,Отель Аристократ,2026-08-16,12,11,19,91.67,5100.00
the_sky_of_lake_baikal,Небо Байкала,2026-08-16,0,2,3,100.0,3463.00
city_park_hotel_13,Меблированные комнаты City Park,2026-08-16,0,6,6,100.0,2550.00
mini_hotel_vizit,Гостиница Визит,2026-08-16,8,2,5,25.0,2671.00
grand_baikal,Отель Гранд Байкал,2026-08-16,64,11,22,17.19,5737.00
history_boutiquehotel,Отель HISTORY Бутик-отель и СПА,2026-08-16,40,38,76,95.0,22443.75
azatai_park_hotel,"Парк-отель ""Азатай""",2026-08-16,0,20,38,100.0,14849.00
podlemorie_hotel,Отель Подлеморье,2026-08-16,14,7,16,50.0,6900.00
baikal_business_center_hotel,Отель Байкал Бизнес Центр,2026-08-16,59,8,16,13.56,7500.00
malinovka_3,Малиновка,2026-08-16,0,4,11,100.0,3462.00
international_hotel_sayen,SAYEN,2026-08-16,25,12,26,48.0,20000.00
lotos_hotel,Отель Лотос,2026-08-16,23,8,16,34.78,2500.00
mayak_hotel_listvyanka,Отель Маяк,2026-08-16,54,3,3,5.56,7000.00
otel_tsentral,Отель Централь,2026-08-16,48,14,28,29.17,8455.00
montana_hostel,Меблированные комнаты Montana,2026-08-16,9,9,10,100.0,800.00
baikal_forest_hotel,Отель Форест,2026-08-16,156,10,20,6.41,10150.00
mihail_strogov,Отель Михаил Строгов,2026-08-16,20,3,3,15.0,4451.00
baza_otdykha_olkhon,База отдыха Ольхон,2026-08-16,50,35,97,70.0,4936.00
vera_baikal,Отель Вера Байкал,2026-08-16,38,25,50,65.79,7900.00
baykal_shale_guest_house,Байкал Шале,2026-08-16,11,4,12,36.36,5194.00
olkhon_inn,Olkhon Inn,2026-08-16,0,38,76,100.0,6650.00
larus,Отель Ларус,2026-08-16,14,4,8,28.57,5214.00
alaniya,Алания,2026-08-16,0,4,8,100.0,3958.00
bajkal_severnoe_more_hotel,Отель Байкал - Северное Море,2026-08-16,119,100,163,84.03,6504.00
atlas_hotel_3,Гостиница Атлас,2026-08-16,29,6,13,20.69,5392.80
gostevoj_dom_na_zvezdinskoj,Отель на Звездинской,2026-08-16,25,35,75,100.0,3750.00
gostevoy_dom_briz_3,Меблированные комнаты БРИЗ,2026-08-16,16,7,18,43.75,4452.00
baykal_guest_house_3,Меблированные комнаты Байкал,2026-08-16,0,10,12,100.0,3463.00
hotel_flagman_olkhona,Отель Флагман Ольхона,2026-08-16,15,17,35,100.0,9100.00
7_dorog,Гостиница 7 дорог,2026-08-16,19,5,9,26.32,4750.00
dauria_hotel_2,Отель Даурия,2026-08-16,4,10,20,100.0,6500.00
solnechny_guest_house_7,Cолнечный,2026-08-16,0,2,4,100.0,1182.00
archi_apt_apartments,Отель Baikal Archi Apt,2026-08-16,7,3,7,42.86,3702.00
izumrud_hotel_7,Отель Изумруд,2026-08-16,9,11,15,100.0,3463.00
legendy_baykala,Гостиница Легенды Байкала,2026-08-16,18,6,9,33.33,1137.00
baikalbabr,Baikal-babr,2026-08-16,0,5,12,100.0,8407.00
flagman_hotel,Отель Флагман,2026-08-16,10,4,10,40.0,6500.00
magas,Отель на Перроне,2026-08-16,25,18,37,72.0,1483.00
parus_18,Курортный отель Парус,2026-08-16,17,6,13,35.29,5100.00
guest_house_baykal,В объятиях Байкала,2026-08-16,0,5,10,100.0,7000.00
inn_oasis_2,База отдыха Оазис,2026-08-16,13,10,22,76.92,5937.00
gostevoj_dom_otdyih_na_bajkale,Отель Отдых на Байкале,2026-08-16,11,5,10,45.45,2972.00
smart_hotel_kdo_irkutsk_hotel,Отель Smart Hotel Иркутск,2026-08-16,7,3,5,42.86,1699.00
taiga_2,Отель Тайга,2026-08-16,101,34,49,33.66,5531.00
guesthouse_dudeevukh,Меблированные комнаты Дудеевых,2026-08-16,0,2,5,100.0,4037.00
miniotel_gostinitsa_nerpenok,Нерпенок,2026-08-16,0,8,20,100.0,6431.00
uda_2,Отель УДА,2026-08-16,45,42,62,93.33,1682.00
miniotel_serdtse_baykala,Сердце Байкала,2026-08-16,0,4,7,100.0,13853.00
hotel_sozvezdie_baikala,Отель Созвездие Байкала,2026-08-16,22,13,26,59.09,4500.00
gostinitsa_akademicheskaya,Отель Гостиница Академическая,2026-08-16,48,11,20,22.92,4400.00
kheyvitsa_guest_house,Отель Гостевой Дом Хейвица,2026-08-16,8,6,12,75.0,5244.00
matreshka_hotel,Отель Матрешка,2026-08-16,35,16,30,45.71,4542.00
hotel_kurshavel_,Отель Куршавель,2026-08-16,15,11,23,73.33,4000.00
baikal_view_hotel,Baikal View Hotel,2026-08-16,99,41,84,41.41,12384.00
lada_8,Отель Гостиница ЛАДА,2026-08-16,22,13,26,59.09,4600.00
artrezidentsiya_port_olhon,Арт-отель Порт Ольхон,2026-08-16,65,18,33,27.69,11500.00
beliy_sobol_parkhotel,Парк-отель Белый Соболь,2026-08-16,32,17,41,53.12,7840.00
eko_baikalwood_hotel,Отель БайкалВуд,2026-08-16,44,40,80,90.91,16675.00
brusinka,Меблированные комнаты Брусника,2026-08-16,3,1,3,33.33,2473.00
lazurny_bereg_hotel_,Гостиница Лазурный берег,2026-08-16,65,2,3,3.08,3900.00
krestovaya_pad_hotel,Гостиница Крестовая падь,2026-08-16,27,8,16,29.63,10900.00
glemping_hygge_barn,Hygge Barn,2026-08-16,0,1,1,100.0,13358.00
trakstop_38_2,Тракстоп 38,2026-08-16,11,8,15,72.73,5194.00
yolochka,Меблированные комнаты Ёлочка,2026-08-16,6,5,9,83.33,4000.00
dream_of_baikal_hotel,Отель Dream of Baikal,2026-08-16,19,6,10,31.58,6530.00
hotel_anastasiya_2,Отель ГК Анастасия,2026-08-16,26,25,47,96.15,9100.00
olkhonstory_guest_house,История Ольхона,2026-08-16,6,10,15,100.0,7445.00
hotel_u_ruchyya,Отель У ручья,2026-08-16,9,4,8,44.44,3958.00
dom_baykal_guest_house,Меблированные комнаты Дом Байкал,2026-08-16,15,10,28,66.67,3166.00
kupechesky_dvor_hotel,Отель Купеческий Дворъ,2026-08-16,14,9,18,64.29,8108.00
tsentr_otdykha_dashi,Центр отдыха Да-ши,2026-08-16,20,15,34,75.0,11725.00
maksi_hotel,Отель Макси,2026-08-16,2,1,1,50.0,3463.00
hotel_angara,Отель Ангара-Приоритет,2026-08-16,31,16,36,51.61,3800.00
hotel_yubileinaya__2,Гостиница Юбилейная,2026-08-16,23,15,26,65.22,2443.00
baza_otdykha_akvamarin,Аквамарин,2026-08-16,35,10,20,28.57,8114.00
amurskiy,Отель Амурский,2026-08-16,17,10,22,58.82,19900.00
gostinitsa_undina,Отель Ундина,2026-08-16,30,25,33,83.33,8905.00
gostinitsa_solntse,Гостиница Солнце,2026-08-16,58,13,20,22.41,8704.00
minihotel_panda,Отель ДиаДэй,2026-08-16,9,1,2,11.11,4275.00
alpari,Гостиница Альпари,2026-08-16,10,7,14,70.0,2373.00
hotel_gostinitsa_avtovokzal,Отель Автовокзал,2026-08-16,22,9,12,40.91,2572.00
armat_hotel,Отель Армат,2026-08-16,40,3,7,7.5,6300.00
gostevoi_dom_margobai,Отель Маргобай,2026-08-16,14,20,29,100.0,1877.00
ozerny_tulun_sports_complex_na_karbysheva_185_apartment,Спорткомплекс Озерный Тулун на Карбышева 185,2026-08-16,0,1,2,100.0,3560.00
profsoyuznaya_hotel_4,Отель Профсоюзная,2026-08-16,0,67,67,100.0,3196.00
camping_yelochka_kempinghotel,Отель Елочка,2026-08-16,118,23,43,19.49,5213.00
tengis_park_hotel,Отель Тэнгис,2026-08-16,11,3,3,27.27,28190.00
bajkalskie_sezonyi,Отель Парк Байкальские сезоны,2026-08-16,22,22,40,100.0,11478.00
flagman_hotel_4,Отель Флагман,2026-08-16,13,8,12,61.54,6000.00
riderside,Гостиница Riverside,2026-08-16,8,1,2,12.5,3400.00
arena_on_sverdlov,"Меблированные комнаты общежитие ""Арена на Свердлова""",2026-08-16,0,18,29,100.0,3166.00
tochka_baykala_hotel,Отель Точка Байкала,2026-08-16,38,6,6,15.79,7000.00
hotel_complex_baikalov_ostrog,Гостиница Байкалов Острог,2026-08-16,0,69,77,100.0,9975.00
bely_bereg,Отель Белый берег,2026-08-16,5,2,4,40.0,8550.00
hotel_olimpiada,Олимпиада,2026-08-16,29,5,9,17.24,1000.00
baykkalina_guest_house,БайкКалина,2026-08-16,0,3,5,100.0,7916.00
aura_living_quarters,Меблированные комнаты Аура,2026-08-16,0,6,6,100.0,5838.00
hotel_gostinitsa_dinamo,Отель Динамо,2026-08-16,39,21,39,53.85,1128.00
planeta_9,Планета,2026-08-16,33,10,20,30.3,2969.00
hotel_pushkin_2,Отель ПушкинЪ,2026-08-16,23,9,18,39.13,7814.00
v_samom_tsentre_irkutska_minihotel,Отель В Сердце Иркутска,2026-08-16,6,4,8,66.67,5400.00
guest_house_vremena_goda,Времена Года,2026-08-16,24,6,12,25.0,5100.00
vostochnaia,Гостиница Восточная,2026-08-16,26,21,38,80.77,4200.00
arena_g_irkutsk,Отель Арена Иркутск,2026-08-16,15,17,28,100.0,3128.00
hotel_barguzin,Меблированные комнаты Баргузин,2026-08-16,0,4,13,100.0,7916.00
tri_kita_2,Отель Три Кита,2026-08-16,11,6,15,54.55,2554.00
yupiter,Юпитер,2026-08-16,23,2,4,8.7,3000.00
oktyabrskaya_minihotel,Октябрьская,2026-08-16,0,6,11,100.0,1500.00
green_hotel_,Грин Отель,2026-08-16,22,17,32,77.27,3514.00
hotel_khotej,Отель Хотэй,2026-08-16,25,24,48,96.0,9775.00
olkhon_house_guest_family_house,Olkhon Family House,2026-08-16,0,2,2,100.0,4947.00
the_hotel_on_volzhskaya,Гостиница на Волжской,2026-08-16,30,17,47,56.67,2823.00
metelitsa_6,Отель Метелица,2026-08-16,5,5,9,100.0,2369.00
luna_hotel_9,Отель Луна,2026-08-16,22,6,10,27.27,3000.00
magnetit,Отель Магнетит,2026-08-16,55,23,28,41.82,2700.00
less_guest_house,Меблированные комнаты Лесс,2026-08-16,0,5,9,100.0,9796.00
legend_of_baikal,Отель Легенда Байкала,2026-08-16,35,15,26,42.86,9375.00
aerobratsk,Отель Аэропорт Братск,2026-08-16,32,8,8,25.0,890.00
katantsa_hotel,Отель Катанца,2026-08-16,19,21,39,100.0,3500.00
hotel_rodina_grand_hotel_spa_irkutsk_5,Отель RODINA Grand Hotel & SPA Irkutsk 5*,2026-08-16,79,25,50,31.65,46000.00
v_derevne_guest_house,Уютный дом,2026-08-16,0,3,3,100.0,2389.00
modul,Гостиница Комфорт,2026-08-16,12,18,22,100.0,3760.00
shelest,Shelest,2026-08-16,0,5,10,100.0,4908.00
irkutsk_city_lodge,Отель Иркутск Сити Лодж,2026-08-16,4,4,8,100.0,3763.00
sportkompleks_ozerny_tulun_hotel,Спорткомплекс Озерный Тулун,2026-08-16,0,1,1,100.0,4452.00
hotel_aziyayevropa,Отель Азия-Европа,2026-08-16,19,5,10,26.32,5193.00
hotel_soyuz_2,Жилое помещение Союз,2026-08-16,84,46,92,54.76,5600.00
u_lukomorya_4,У Лукоморья,2026-08-16,0,3,3,100.0,9103.00
apartments_viking_khaus,Викинг Хаус,2026-08-16,0,1,4,100.0,19790.00
recreation_centre_baikal_rainbow,База отдыха Байкальская Радуга,2026-08-16,31,9,18,29.03,8047.00
royal_hotel_33,Отель Рояль,2026-08-16,27,14,26,51.85,3913.00
rodnye_berega_holiday_park_,База Отдыха Родные Берега,2026-08-16,26,8,13,30.77,10000.00
gostinitsa_ustilim,Усть-Илим,2026-08-16,80,7,8,8.75,1160.00
recreation_complex_altan,Парк-Отель Алтан,2026-08-16,25,10,18,40.0,24738.00
hotel_baikal_best_edelweiss,Отель Байкал Эдельвейс,2026-08-16,10,9,22,90.0,6431.00
bajkalkemp,Байкал-кэмп,2026-08-16,0,3,10,100.0,1683.00
saturn_8,Отель Сатурн,2026-08-16,23,3,5,13.04,3000.00
khoromy_recreation_camp,Хоромы,2026-08-16,0,28,47,100.0,12500.00
mir_baykala_hotel,Отель Мир Байкала,2026-08-16,29,4,4,13.79,13853.00
baikal_capsule_hostel,Baikal Capsule (Байкал Капсула),2026-08-16,0,8,8,100.0,1188.00
gostevoj_dom_endemik,Меблированные комнаты посуточная аренда,2026-08-16,0,9,16,100.0,8610.00
vitim,Витим,2026-08-16,0,2,4,100.0,2969.00
svetly_aparthotel,Отель Светлый,2026-08-16,6,5,10,83.33,4500.00
lakeplacebaykal_living_quarters,Меблированные комнаты ЛэйкПлэйсБайкал,2026-08-16,0,2,4,100.0,9895.00
v_gostyakh_u_dubrovskikh_guest_house,В гостях у ДУБРОВСКИХ,2026-08-16,0,1,3,100.0,19790.00
aleksandrovskij_dvor,Александровский двор,2026-08-16,0,3,3,100.0,5689.00
loft_house_38_guest_house,Loft House 38,2026-08-16,0,4,6,100.0,14842.00
komilfo_2,Отель Комильфо,2026-08-16,12,5,5,41.67,4941.00
hotelclub_ice,Отель Сибирская резиденция Лёд Байкала,2026-08-16,0,2,2,100.0,15000.00
olkhon_2,Ольхон,2026-08-16,50,38,102,76.0,4949.00
siberia_9,Сибирь,2026-08-16,0,6,9,100.0,2178.00
spektr_2,Спектр,2026-08-16,14,5,10,35.71,3031.00
lenatour,Отель  Ленатур,2026-08-16,8,3,9,37.5,3096.00
glempingotel_yolki_recreation_camp,Аян,2026-08-16,0,3,3,100.0,14842.00
rezidentsii_rodina_irkutsk,Резиденции Rodina Irkutsk,2026-08-16,0,8,8,100.0,28000.00
hotel_baikal_krai,Усадьба Байкальский край,2026-08-16,0,1,1,100.0,8415.00
hotel_arakhis,Отель Арахис,2026-08-16,8,3,3,37.5,3617.00
